,"Productions agricoles francaises conventionnelles
(ou étrangères modélisées dans le cadre d'Agribalyse)",,,,,,,,,"*Ces indicateurs représentent l’impact sur la santé lié à l’exposition de la population générale aux contaminants chimiques via les pollutions du milieu (air, eau, sol).  Ces contaminants émis dans l’environnement sont notamment des pesticides, des métaux lourds ou encore des polluants industriels. L’exposition par ingestion directe d’un aliment contenant des résidus de pesticides n’est pour l’instant pas intégrée dans les calculs d’Analyse du Cycle de Vie. Cette exposition est par ailleurs encadrée par la réglementation « Limites Maximales de Résidus (LMR) » au niveau français et européen.  ",,,,,,,,,,,,,
,,,,Score unique EF3.1 ,Changement climatique,Appauvrissement de la couche d'ozone ,Rayonnements ionisants ,Formation photochimique d'ozone ,Particules ,Effets toxicologiques sur la santé humaine : substances non-cancérogènes*,Effets toxicologiques sur la santé humaine : substances cancérogènes*,Acidification terrestre et eaux douces,Eutrophisation eaux douces ,Eutrophisation marine ,Eutrophisation terreste,Écotoxicité pour écosystèmes aquatiques d'eau douce,Utilisation du sol,Épuisement des ressources eau,Épuisement des ressources énergétiques,Épuisement des ressources minéraux,Changement climatique - émissions biogéniques,Changement climatique - émissions fossiles,Changement climatique - émissions liées au changement d'affectation des sols
Nom du Produit en Français,LCI Name,Type de production,Catégorie,mPt/kg,kg CO2 eq/kg,kg CFC11 eq/kg,kBq U-235 eq/kg,kg NMVOC eq/kg,disease inc./kg,CTUh/kg,CTUh/kg,mol H+ eq/kg,kg P eq/kg,kg N eq/kg,mol N eq/kg,CTUe/kg,Pt/kg,m3 depriv./kg,MJ/kg,kg Sb eq/kg,kg CO2 eq/kg,kg CO2 eq/kg,kg CO2 eq/kg
"Abricot, conventionnel, moyenne nationale, au verger, France","Apricot, conventional, national average, at orchard {FR} U",Culture,Agricultural\Plant production\Fruits\Transformation,0.10,0.25,4.14E-09,4.85E-02,4.50E-04,9.49E-09,1.11E-08,2.25E-10,8.74E-04,8.80E-05,2.19E-02,4.40E-03,9.18E+00,3.49E+02,1.31E+00,2.44E+00,2.22E-06,2.84E-03,2.47E-01,7.67E-05
"Agneau système de production conventionnel en intérieur, à la ferme, France","Lamb, conventional, indoor production system, at farm gate {FR} U",Elevage,Agricultural\Animal production\Ovine\Transformation,1.99E+00,1.63E+01,7.22E-08,3.29E-01,2.65E-02,2.32E-06,3.02E-07,8.03E-09,3.42E-01,7.75E-04,6.45E-02,1.52E+00,8.25E+01,1.77E+03,2.72E+00,3.03E+01,1.94E-05,1.09E+01,5.14E+00,2.27E-01
"Agneau, conventionnel, système Roquefort, à la ferme, France","Lamb, conventional, Roquefort system, at farm gate {FR} U",Elevage,Agricultural\Animal production\Ovine\Transformation,6.28E-01,4.69E+00,1.84E-08,2.10E-01,5.49E-03,8.05E-07,5.51E-08,1.90E-09,1.17E-01,2.31E-04,2.15E-02,5.18E-01,1.73E+01,5.21E+02,2.70E-01,1.22E+01,6.36E-06,2.88E+00,1.75E+00,6.08E-02
"Algue production non optimisée, 1 kg d'algues (Laminaria), poids frais, France","Seaweed non-optimized production, 1kg algae (Laminaria), fresh weight {FR} U",Aquaculture,Agricultural\Plant production\Other\Transformation,1.22E-01,8.66E-01,1.05E-07,1.60E-01,5.61E-03,1.24E-07,1.13E-08,8.91E-10,1.71E-02,2.60E-04,1.66E-03,1.63E-02,7.95E+00,2.53E+00,4.64E-01,1.51E+01,1.10E-05,2.94E-03,8.62E-01,8.27E-04
"Algue production optimisée, 1 kg d'algues (Laminaria), poids frais, France","Seaweed optimized production, 1kg algae (Laminaria), fresh weight {FR} U",Aquaculture,Agricultural\Plant production\Other\Transformation,1.17E-02,1.04E-01,2.85E-09,2.32E-02,7.45E-04,8.85E-09,6.93E-10,1.30E-10,9.86E-04,2.04E-05,2.53E-04,2.43E-03,3.65E-01,2.43E-01,5.35E-02,2.11E+00,3.86E-07,4.37E-04,1.03E-01,4.04E-05
"Ananas, production mixte, à la ferme, île de la Réunion","Pineapple, mixed production, Reunion Island average, at production site {RE} U",Culture,Agricultural\Plant production\Fruits\Transformation,1.21E-01,1.34E+00,4.98E-09,2.25E-02,1.86E-03,1.72E-07,2.48E-09,1.08E-10,1.22E-02,2.36E-05,6.70E-03,9.66E-02,3.33E+00,2.60E+01,1.83E-01,3.15E+00,1.55E-06,4.16E-01,9.21E-01,8.40E-05
"Anchois européenne, Engraulis encrasicolus, atlantique centre est, senne, au débarquement, Maroc","European Anchovy, Engraulis encrasicolus, ECA, Seine, average, at landing {MA} U",Pêche,Agricultural\Animal production\Fish\Transformation,9.18E-02,4.85E-01,1.03E-08,4.37E-03,1.07E-02,1.12E-07,4.31E-09,3.11E-10,1.46E-02,3.14E-05,3.57E-03,3.88E-02,3.20E+00,1.13E+00,2.34E-02,6.29E+00,6.77E-06,1.05E-04,4.84E-01,7.56E-04
"Avoine, moyenne nationale, alimentation animale, à la ferme, France","Oat grain, national average, animal feed, at farm gate {FR} U",Culture,Agricultural\Plant production\Cereals\Transformation,7.96E-02,5.55E-01,6.65E-09,8.63E-03,1.74E-03,5.51E-08,1.48E-08,1.04E-09,8.70E-03,1.73E-04,7.07E-03,3.87E-02,8.00E+00,1.06E+02,1.24E-01,2.30E+00,1.57E-06,9.22E-05,4.30E-01,1.25E-01
"Banane conventionnelle, à la ferme, Antilles","Banana, mixed production, West Indies, at farm gate {WI} U",Culture,Agricultural\Plant production\Fruits\Transformation,4.02E-02,1.78E-01,3.24E-09,1.58E-02,8.48E-04,4.89E-08,2.91E-09,5.77E-11,6.98E-03,1.91E-05,4.37E-04,3.04E-02,9.78E+00,1.71E+01,3.07E-01,2.01E+00,9.92E-07,2.26E-04,1.78E-01,7.91E-05
"Bar ou daurade, 200-500g, conventionnel, en cage, à la ferme, France","Sea bass or sea bream, 200-500g, conventional, in cage, at farm gate {FR} U",Aquaculture,Agricultural\Animal production\Fish\Transformation,7.37E-01,4.54E+00,5.83E-07,5.45E-01,2.24E-02,2.69E-07,1.05E-07,1.51E-09,2.43E-02,3.17E-04,2.31E-01,8.84E-02,5.28E+01,7.49E+01,1.03E+00,6.29E+01,4.50E-06,4.42E-02,4.14E+00,3.53E-01
"Betterave pour du jus, conventionnel, à la ferme, France","Beetroot for juice, conventional, at farm gate {FR} U",Culture,Agricultural\Plant production\Roots and tubers\Transformation,1.12E-02,7.70E-02,1.28E-09,3.22E-03,2.89E-04,5.01E-09,2.85E-09,8.92E-11,6.88E-04,1.29E-05,4.79E-04,2.47E-03,2.75E+00,2.56E+00,2.99E-01,6.04E-01,8.26E-07,3.58E-05,7.67E-02,2.36E-04
"Betteraves, moyen conventionnel, national, alimentation animale, à la ferme, France","Sugar beet roots, conventional, national average, animal feed, at farm gate, production {FR} U",Culture,Agricultural\Animal feed\Feed ingredients\Transformation\Roots and tubers based,5.97E-03,3.84E-02,6.28E-10,1.80E-03,1.04E-04,3.62E-09,2.52E-09,6.25E-11,5.34E-04,9.55E-06,2.85E-04,2.34E-03,2.31E+00,7.67E+00,1.76E-02,1.95E-01,1.50E-07,8.28E-05,2.93E-02,8.98E-03
"Blé dur, conventionnel, moyenne nationale, à la ferme, France","Durum wheat grain, conventional, national average, at farm gate {FR} U",Culture,Agricultural\Plant production\Cereals\Transformation,9.14E-02,7.33E-01,9.02E-09,3.23E-02,2.37E-03,5.46E-08,8.04E-09,1.35E-09,8.91E-03,2.36E-04,7.74E-03,3.96E-02,5.16E+00,1.04E+02,4.50E-01,3.77E+00,2.32E-06,1.44E-04,6.11E-01,1.22E-01
"Blé tendre, conventionnel, améliorant protéine, 15% d'humidité, à la ferme, France","Soft wheat grain, conventional, protein improved quality, 15% moisture, at farm gate {FR} U",Culture,Agricultural\Plant production\Cereals\Transformation,8.39E-02,6.52E-01,8.75E-09,2.57E-02,2.29E-03,5.76E-08,7.80E-09,1.05E-09,9.31E-03,1.49E-04,6.31E-03,4.14E-02,1.05E+01,7.73E+01,3.45E-01,3.39E+00,2.12E-06,1.60E-04,5.61E-01,9.04E-02
"Blé tendre, conventionnel, moyenne nationale, alimentation animale, à la ferme, France","Soft wheat grain, conventional, national average, animal feed, at farm gate, production {FR} U",Culture,Agricultural\Plant production\Cereals\Transformation,6.42E-02,4.72E-01,6.41E-09,1.07E-02,1.56E-03,4.69E-08,2.60E-09,7.62E-10,7.40E-03,1.10E-04,5.17E-03,3.23E-02,9.92E+00,6.92E+01,1.43E-01,2.22E+00,1.68E-06,1.22E-04,3.91E-01,8.10E-02
"Blé tendre, conventionnel, panifiable, 15% d'humidité, à la ferme, France","Soft wheat grain, conventional, breadmaking quality, 15% moisture, at farm gate {FR} U",Culture,Agricultural\Plant production\Cereals\Transformation,6.43E-02,4.73E-01,6.42E-09,1.07E-02,1.56E-03,4.69E-08,2.60E-09,7.62E-10,7.41E-03,1.10E-04,5.17E-03,3.23E-02,9.93E+00,6.92E+01,1.43E-01,2.22E+00,1.68E-06,1.22E-04,3.91E-01,8.10E-02
"Blé tendre, levier culture intermédiaire systématique du scénario, à la ferme, France","Soft wheat grain, systematic cover cropping scenario, at farm gate {FR} U",Culture,Agricultural\Plant production\Cereals\Transformation,6.02E-02,4.45E-01,6.39E-09,9.81E-03,1.47E-03,4.81E-08,1.04E-08,6.85E-10,7.54E-03,9.37E-05,4.07E-03,3.32E-02,4.97E+00,6.16E+01,1.60E-01,2.12E+00,1.36E-06,8.73E-05,3.73E-01,7.21E-02
"Blé tendre, levier légumineuse dans rotation, à la ferme, France","Soft wheat grain, protein crop scenario, at farm gate {FR} U",Culture,Agricultural\Plant production\Cereals\Transformation,5.89E-02,4.29E-01,5.73E-09,8.94E-03,1.33E-03,4.32E-08,1.00E-08,6.67E-10,6.77E-03,8.97E-05,5.02E-03,2.98E-02,5.02E+00,7.11E+01,1.47E-01,1.90E+00,1.21E-06,7.94E-05,3.46E-01,8.32E-02
"Blé tendre, scénario de base, à la ferme, France","Soft wheat grain, basis scenario without lever, at farm gate {FR} U",Culture,Agricultural\Plant production\Cereals\Transformation,6.05E-02,4.45E-01,6.28E-09,9.45E-03,1.46E-03,4.75E-08,1.09E-08,5.72E-10,7.45E-03,9.33E-05,4.97E-03,3.29E-02,3.66E+00,6.16E+01,1.60E-01,2.04E+00,1.30E-06,8.57E-05,3.72E-01,7.21E-02
"Boeuf, moyenne nationale, à la ferme, France","Beef cattle, conventional, national average, at farm gate {FR} U",Elevage,Agricultural\Animal production\Bovine\Transformation,1.35E+00,1.45E+01,5.43E-08,3.07E-01,2.09E-02,1.38E-06,2.12E-07,5.74E-09,2.06E-01,5.73E-04,4.33E-02,9.11E-01,7.30E+01,9.66E+02,1.16E+00,2.42E+01,1.75E-05,1.09E+01,3.62E+00,-2.77E-02
"Brebis de réforme, conventionnel, intérieur, à la ferme, France","Cull ewe, conventional, indoor production system, at farm gate {FR} U",Elevage,Agricultural\Animal production\Ovine\Transformation,2.04E+00,1.83E+01,6.88E-08,2.40E-01,2.73E-02,2.32E-06,2.93E-07,8.38E-09,3.43E-01,8.11E-04,7.23E-02,1.53E+00,7.16E+01,1.81E+03,1.06E+00,2.76E+01,2.10E-05,1.24E+01,5.33E+00,5.84E-01
"Brebis de réforme, conventionnel, système Roquefort , à la ferme, France","Cull ewe, conventional, Roquefort system, at farm gate {FR} U",Elevage,Agricultural\Animal production\Ovine\Transformation,1.03E+00,7.13E+00,4.60E-08,2.38E-01,1.21E-02,1.34E-06,1.04E-07,4.02E-09,1.95E-01,5.45E-04,2.96E-02,8.68E-01,4.31E+01,7.67E+02,1.64E+00,1.80E+01,1.10E-05,4.26E+00,2.99E+00,-1.29E-01
"Canard à rôtir,  conventionnel, à la ferme, France","Duck for roasting, conventional, at farm gate {FR} U",Elevage,Agricultural\Animal production\Avian\Transformation,4.64E-01,3.00E+00,4.46E-08,1.79E-01,9.50E-03,4.87E-07,4.38E-08,3.13E-09,6.92E-02,5.24E-04,1.80E-02,3.01E-01,1.33E+02,2.09E+02,1.15E+00,1.70E+01,9.21E-06,7.01E-01,1.74E+00,5.60E-01
"Canard Engraissement,  conventionnel, à la ferme, France","Fattening duck, conventional, at farm gate {FR} U",Elevage,Agricultural\Animal production\Avian\Transformation,5.56E-01,3.13E+00,5.95E-08,4.83E-01,8.93E-03,6.61E-07,3.71E-08,3.24E-09,9.50E-02,6.87E-04,2.04E-02,4.17E-01,8.11E+01,2.32E+02,1.47E+00,2.58E+01,1.12E-05,7.77E-01,2.06E+00,2.92E-01
"Carotte conventionnelle, moyenne nationale, à la ferme, France","Carrot, conventional, national average, at farm gate {FR} U",Culture,Agricultural\Plant production\Vegetables\Transformation,1.75E-02,6.77E-02,3.12E-09,2.34E-02,2.54E-04,6.66E-09,5.75E-09,1.12E-10,9.48E-04,2.37E-05,8.68E-04,2.50E-03,1.32E+01,6.45E+00,2.81E-01,1.16E+00,9.63E-07,9.21E-05,6.76E-02,6.34E-05
"Carotte, conventionnel, automne, Creances, Basse-Normandie, à la ferme, France","Carrot, conventional, fall, Creances, Lower Normandie, at farm gate {FR} U",Culture,Agricultural\Plant production\Vegetables\Transformation,7.85E-03,4.85E-02,2.74E-09,6.15E-03,1.66E-04,3.49E-09,1.14E-09,7.11E-11,4.44E-04,1.48E-05,3.39E-04,1.52E-03,4.05E+00,6.19E+00,6.35E-02,6.36E-01,5.19E-07,4.05E-05,4.84E-02,5.02E-05
"Carotte, conventionnel, automne, Mont St. Michel, Basse-Normandie, à la ferme, France","Carrot, conventional, fall, Mont St. Michel, Lower Normandie, at farm gate {FR} U",Culture,Agricultural\Plant production\Vegetables\Transformation,7.09E-03,4.75E-02,2.05E-09,3.03E-03,1.58E-04,3.13E-09,1.37E-09,6.58E-11,4.24E-04,1.21E-05,4.38E-04,1.54E-03,3.47E+00,5.84E+00,2.19E-02,5.42E-01,4.43E-07,2.82E-05,4.74E-02,4.08E-05
"Carotte, conventionnel, automne, Val de Saire, Basse-Normandie, à la ferme, France","Carrot, conventional, fall, Val de Saire, Lower Normandie, at farm gate {FR} U",Culture,Agricultural\Plant production\Vegetables\Transformation,7.23E-03,4.75E-02,1.72E-09,3.35E-03,1.55E-04,3.31E-09,1.28E-09,7.13E-11,4.51E-04,1.33E-05,5.56E-04,1.61E-03,2.78E+00,6.94E+00,2.07E-02,5.10E-01,4.87E-07,2.54E-05,4.74E-02,4.68E-05
"Carotte, conventionnel, de saison, Aquitaine, à la ferme, France","Carrot, conventional, main season, Aquitaine, at farm gate {FR} U",Culture,Agricultural\Plant production\Vegetables\Transformation,1.48E-02,4.72E-02,1.96E-09,3.07E-02,1.77E-04,4.77E-09,4.75E-09,1.14E-10,6.86E-04,2.36E-05,3.59E-04,1.61E-03,1.06E+01,7.01E+00,3.88E-01,9.91E-01,7.84E-07,7.34E-05,4.71E-02,4.94E-05
"Carotte, conventionnel, hiver, Aquitaine, à la ferme, France","Carrot, conventional, winter, Aquitaine, at farm gate {FR} U",Culture,Agricultural\Plant production\Vegetables\Transformation,1.53E-02,5.73E-02,2.99E-09,2.06E-02,2.42E-04,5.75E-09,5.19E-09,9.96E-11,8.52E-04,2.08E-05,3.84E-04,2.18E-03,1.31E+01,5.66E+00,2.50E-01,9.43E-01,8.87E-07,7.65E-05,5.72E-02,4.74E-05
"Carotte, conventionnel, hiver, Creances, Basse-Normandie, à la ferme, France","Carrot, conventional, winter, Creances, Lower Normandie, at farm gate {FR} U",Culture,Agricultural\Plant production\Vegetables\Transformation,3.11E-02,1.26E-01,7.12E-09,1.85E-02,4.70E-04,1.56E-08,1.11E-08,1.45E-10,2.22E-03,2.67E-05,2.44E-03,6.99E-03,2.49E+01,6.28E+00,1.81E-01,1.64E+00,1.80E-06,1.49E-04,1.25E-01,1.02E-04
"Carotte, conventionnel, hiver, Mont St. Michel, Basse-Normandie, à la ferme, France","Carrot, conventional, winter, Mont St. Michel, Lower Normandie, at farm gate {FR} U",Culture,Agricultural\Plant production\Vegetables\Transformation,1.04E-02,6.49E-02,3.05E-09,4.00E-03,2.11E-04,4.16E-09,5.59E-09,7.93E-11,5.65E-04,1.48E-05,8.62E-04,2.04E-03,5.20E+00,6.29E+00,2.77E-02,6.90E-01,6.05E-07,3.54E-05,6.48E-02,5.46E-05
"Carotte, conventionnel, hiver, Val de Saire, Basse-Normandie, à la ferme, France","Carrot, conventional, winter, Val de Saire, Lower Normandie, at farm gate {FR} U",Culture,Agricultural\Plant production\Vegetables\Transformation,9.06E-03,6.09E-02,3.41E-09,4.48E-03,1.99E-04,3.91E-09,1.52E-09,7.20E-11,5.20E-04,1.43E-05,5.51E-04,1.79E-03,5.23E+00,5.16E+00,2.86E-02,7.13E-01,6.31E-07,3.77E-05,6.08E-02,5.88E-05
"Carotte, conventionnel, précoce, Aquitaine, à la ferme, France","Carrot, conventional, early, Aquitaine, at farm gate {FR} U",Culture,Agricultural\Plant production\Vegetables\Transformation,2.26E-02,7.99E-02,2.94E-09,3.43E-02,3.00E-04,7.47E-09,7.80E-09,1.34E-10,1.06E-03,3.14E-05,1.25E-03,2.27E-03,1.75E+01,6.82E+00,4.20E-01,1.63E+00,1.14E-06,1.37E-04,7.96E-02,7.91E-05
"Cerise, conventionnelle, moyenne nationale, au verger, France","Cherry, conventional, national average, at orchard {FR} U",Culture,Agricultural\Plant production\Fruits\Transformation,1.74E-01,4.61E-01,1.04E-08,2.61E-02,1.81E-03,2.06E-08,2.40E-08,9.69E-10,2.97E-03,2.41E-04,9.56E-04,1.03E-02,6.69E+01,7.28E+02,4.67E+00,5.65E+00,4.36E-06,4.39E-04,4.60E-01,3.79E-04
"Chanvre, paille, Champagne, à la ferme, France","Hemp, straw, ret, Champagne, at farm gate {FR} U",Culture,Agricultural\Plant production\Cereals\Transformation,2.92E-02,1.51E-01,1.26E-09,3.24E-03,3.65E-04,2.39E-08,1.13E-08,3.96E-10,3.50E-03,8.86E-05,2.51E-03,1.55E-02,9.45E-01,4.35E+01,1.66E-02,7.02E-01,6.49E-07,2.36E-05,1.00E-01,5.10E-02
"Chevreau, conventionnel, fourage intensif, à la ferme, France","Kid goat, conventional, intensive forage area, at farm gate {FR} U",Elevage,Agricultural\Animal production\Caprine\Transformation,3.78E-01,2.69E+00,2.01E-08,2.13E-01,5.22E-03,4.64E-07,4.12E-08,1.56E-09,6.52E-02,2.59E-04,1.14E-02,2.85E-01,2.30E+01,2.35E+02,1.16E+00,1.20E+01,6.78E-06,1.27E+00,1.30E+00,1.22E-01
"Chevrette de réforme, conventionnel, fourrage intensif, à la ferme, France","Cull goat, conventional, intensive forage area, at farm gate {FR} U",Elevage,Agricultural\Animal production\Dairy\Transformation,1.27E+00,8.03E+00,5.83E-08,5.46E-01,1.51E-02,1.72E-06,1.71E-07,5.53E-09,2.50E-01,5.63E-04,3.29E-02,1.11E+00,7.77E+01,5.85E+02,2.84E+00,2.72E+01,1.79E-05,4.75E+00,3.39E+00,-1.08E-01
"Chicorée witlode, en saison, conventionnel, perte de réfrigérant 300%, stockage et forçage, à la ferme, France","Chicory witloof, season, conventional, refrigerant loss 300%, storage and forcing, at farm gate {FR} U",Culture,Agricultural\Plant production\Vegetables\Transformation,4.36E-02,8.57E-01,1.96E-07,2.13E-01,3.54E-04,7.12E-09,2.58E-09,1.69E-10,6.72E-04,3.71E-05,1.42E-04,1.63E-03,8.35E+00,4.22E-01,6.69E-02,5.44E+00,2.15E-06,2.02E-04,8.57E-01,7.03E-05
"Chou-fleur conventionnel, culture d'été, à la ferme, France","Cauliflower, summer, conventional, at farm gate {FR} U",Culture,Agricultural\Plant production\Vegetables\Transformation,2.94E-02,2.16E-01,1.00E-08,1.34E-02,6.52E-04,9.73E-09,5.19E-09,1.49E-10,1.55E-03,2.26E-05,6.61E-03,6.38E-03,2.09E+00,1.67E+01,6.77E-02,1.67E+00,1.39E-06,6.21E-05,2.15E-01,7.73E-05
"Chou-fleur conventionnel, culture d'hiver, à la ferme, France","Cauliflower, winter, conventional, at farm gate {FR} U",Culture,Agricultural\Plant production\Vegetables\Transformation,3.17E-02,2.22E-01,8.85E-09,1.64E-02,6.51E-04,2.07E-08,2.11E-08,2.87E-10,3.11E-03,2.44E-05,2.84E-03,1.32E-02,2.62E+00,2.31E+01,2.66E-02,1.72E+00,1.36E-06,5.93E-05,2.22E-01,9.20E-05
"Chou-fleur conventionnel, moyenne nationale, à la ferme, France","Cauliflower, conventional, national average, at farm gate {FR} U",Culture,Agricultural\Plant production\Vegetables\Transformation,3.15E-02,2.21E-01,9.00E-09,1.60E-02,6.51E-04,1.93E-08,1.91E-08,2.70E-10,2.92E-03,2.42E-05,3.31E-03,1.23E-02,2.55E+00,2.23E+01,3.17E-02,1.71E+00,1.37E-06,5.96E-05,2.21E-01,9.02E-05
"Clémentine, pour exportation, au verger, Souss, Maroc","Clementine, export quality, Souss, at orchard {MA} U",Culture,Agricultural\Plant production\Fruits\Transformation,3.40E-01,3.15E-01,5.97E-09,7.22E-03,1.26E-03,1.53E-08,1.25E-08,9.43E-11,3.04E-03,8.26E-05,4.18E-04,8.83E-03,1.34E+02,2.76E+01,3.56E+01,3.49E+00,1.29E-06,2.48E-04,3.14E-01,5.76E-04
"Colza, conventionnel, 9% d'humidité, moyenne nationale, aliment pour animaux, production, France","Rapeseed, conventional, 9% moisture, national average, animal feed, at farm gate, production {FR} U",Culture,Agricultural\Plant production\Oil seeds\Transformation,1.56E-01,1.15E+00,4.03E-08,4.22E-02,3.63E-03,1.22E-07,1.77E-08,1.49E-09,1.68E-02,2.61E-04,1.16E-02,7.86E-02,2.53E+01,1.60E+02,2.81E-01,5.75E+00,4.26E-06,2.97E-02,9.35E-01,1.86E-01
"Colza, levier culture intermédiaire, à la ferme, France","Rapeseed, systematic covercropping scenario, at farm gate {FR} U",Culture,Agricultural\Plant production\Oil seeds\Transformation,1.33E-01,9.04E-01,3.58E-08,1.52E-02,2.98E-03,1.07E-07,2.59E-08,1.71E-09,1.67E-02,2.58E-04,8.06E-03,7.30E-02,2.29E+01,1.38E+02,2.85E-01,4.14E+00,2.62E-06,1.72E-04,7.42E-01,1.62E-01
"Colza, levier légumineuse dans rotation, à la ferme, France","Rapeseed, protein crop scenario, at farm gate {FR} U",Culture,Agricultural\Plant production\Oil seeds\Transformation,1.36E-01,9.12E-01,3.58E-08,1.51E-02,2.98E-03,1.07E-07,2.49E-08,1.70E-09,1.67E-02,2.57E-04,9.87E-03,7.30E-02,2.29E+01,1.38E+02,2.83E-01,4.14E+00,2.62E-06,1.71E-04,7.50E-01,1.62E-01
"Colza, scénario de base, à la ferme, France","Rapeseed, basis scenario without lever, at farm gate {FR} U",Culture,Agricultural\Plant production\Oil seeds\Transformation,1.36E-01,9.12E-01,3.58E-08,1.52E-02,2.98E-03,1.07E-07,2.59E-08,1.71E-09,1.67E-02,2.58E-04,9.87E-03,7.30E-02,2.29E+01,1.38E+02,2.85E-01,4.14E+00,2.62E-06,1.72E-04,7.50E-01,1.62E-01
"Coquille Saint-Jacques,  Pecten maximus, bais de St Brieuc, drague, au débarquement, France","Great Scallop, Pecten maximus, BSBrieuc, Dredge, average, at landing {FR} U",Pêche,Agricultural\Animal production\Fish\Transformation,1.33E-01,7.39E-01,1.57E-08,7.28E-03,1.60E-02,1.67E-07,4.65E-09,5.72E-10,2.18E-02,4.36E-05,5.32E-03,5.79E-02,4.51E+00,1.11E+00,2.17E-02,9.59E+00,6.38E-06,1.42E-04,7.38E-01,7.05E-04
"Courgette conventionnelle, automne sous tunnel, à la ferme, France","Zucchini, autumn, under tunnel, conventional, at farm gate {FR} U",Culture,Agricultural\Plant production\Vegetables\Transformation,4.23E-02,2.54E-01,5.03E-09,4.62E-02,1.14E-03,2.52E-08,3.13E-08,5.70E-10,3.22E-03,4.95E-05,8.43E-04,1.27E-02,3.32E+00,6.29E+00,6.28E-01,4.66E+00,3.05E-06,1.76E-03,2.51E-01,4.07E-04
"Courgette conventionnelle, moyenne nationale, à la ferme, France","Zucchini, conventional, national average, at farm gate {FR} U",Culture,Agricultural\Plant production\Vegetables\Transformation,2.41E-02,1.48E-01,3.36E-09,2.43E-02,5.73E-04,1.21E-08,1.01E-08,2.80E-10,1.59E-03,3.53E-05,1.10E-03,6.08E-03,2.02E+00,1.10E+01,4.34E-01,2.36E+00,1.72E-06,5.07E-04,1.47E-01,1.92E-04
"Courgette conventionnelle, plein champ, à la ferme, France","Zucchini, open field, conventional, at farm gate {FR} U",Culture,Agricultural\Plant production\Vegetables\Transformation,2.13E-02,1.33E-01,3.39E-09,1.87E-02,4.51E-04,8.07E-09,4.29E-09,2.30E-10,1.11E-03,3.93E-05,1.64E-03,3.96E-03,1.96E+00,1.79E+01,3.96E-01,1.83E+00,1.54E-06,7.77E-05,1.33E-01,1.41E-04
"Courgette conventionnelle, printemps sous tunnel, à la ferme, France","Zucchini, springtime, under tunnel, conventionel, at farm gate {FR} U",Culture,Agricultural\Plant production\Vegetables\Transformation,2.43E-02,1.47E-01,3.03E-09,2.75E-02,6.25E-04,1.49E-08,1.36E-08,2.91E-10,1.91E-03,2.79E-05,4.95E-04,7.54E-03,1.88E+00,3.40E+00,4.47E-01,2.62E+00,1.71E-06,8.17E-04,1.46E-01,2.18E-04
"Crevette, Chine, conventionnelle, à la ferme, France","Fresh shrimps, China production {FR} U",Aquaculture,Agricultural\Animal production\Seafood\Transformation,1.35E+00,7.74E+00,8.64E-07,6.49E-01,2.99E-02,5.10E-07,1.11E-07,7.68E-09,4.97E-02,3.58E-03,5.15E-02,1.30E-01,1.41E+02,1.03E+02,7.67E+01,8.49E+01,2.09E-05,2.13E-02,7.27E+00,4.44E-01
"Dinde, conventionnel, à la ferme, France","Turkey, conventional, at farm gate {FR} U",Elevage,Agricultural\Animal production\Avian\Transformation,4.86E-01,2.85E+00,4.62E-08,1.70E-01,1.07E-02,5.54E-07,5.51E-08,2.81E-09,7.98E-02,3.73E-04,2.20E-02,3.45E-01,1.28E+02,1.47E+02,7.91E-01,1.73E+01,8.75E-06,3.31E-02,1.76E+00,1.06E+00
"Dinde, Label Rouge, à la ferme, France","Turkey, Label Rouge, at farm gate {FR} U",Elevage,Agricultural\Animal production\Avian\Transformation,7.18E-01,3.92E+00,6.26E-08,2.30E-01,1.45E-02,8.71E-07,7.51E-08,3.82E-09,1.25E-01,5.06E-04,3.11E-02,5.45E-01,1.75E+02,2.13E+02,1.08E+00,2.33E+01,1.19E-05,4.51E-02,2.42E+00,1.46E+00
"Endive conventionnelle, précoce, à la ferme, France","Chicory witloof, early, conventional at farm gate {FR} U",Culture,Agricultural\Plant production\Vegetables\Transformation,4.56E-02,3.21E-01,7.53E-08,2.00E-01,8.43E-04,1.09E-08,6.08E-09,4.60E-10,1.21E-03,7.07E-05,2.26E-03,3.18E-03,1.67E+01,3.88E+01,9.66E-02,7.14E+00,3.50E-06,2.62E-04,3.20E-01,1.04E-03
"Endive conventionnelle, saison, à la ferme, France","Chicory witloof, season, conventional at farm gate {FR} U",Culture,Agricultural\Plant production\Vegetables\Transformation,3.53E-02,2.47E-01,6.04E-08,2.18E-01,5.84E-04,9.03E-09,4.43E-09,3.38E-10,9.44E-04,5.27E-05,1.27E-03,2.52E-03,1.09E+01,2.55E+01,7.65E-02,6.37E+00,2.82E-06,2.32E-04,2.46E-01,6.72E-04
"Endive conventionnelle, tardive, à la ferme, France","Chicory witloof, late, conventional at farm gate {FR} U",Culture,Agricultural\Plant production\Vegetables\Transformation,6.33E-02,3.60E-01,7.95E-08,5.64E-01,9.44E-04,1.48E-08,7.94E-09,4.85E-10,1.54E-03,8.98E-05,2.10E-03,3.85E-03,1.31E+01,3.80E+01,1.07E-01,1.44E+01,5.78E-06,4.66E-04,3.59E-01,8.10E-04
"Endive, conventionnelle, moyenne nationale, à la ferme, France","Chicory witloof, conventional, national average at farm gate {FR} U",Culture,Agricultural\Plant production\Vegetables\Transformation,4.86E-02,3.07E-01,7.10E-08,3.53E-01,7.80E-04,1.17E-08,6.16E-09,4.21E-10,1.24E-03,7.11E-05,1.80E-03,3.18E-03,1.29E+01,3.32E+01,9.28E-02,9.72E+00,4.14E-06,3.32E-04,3.06E-01,8.00E-04
"Féverole, conventionnel, moyenne nationale, à la ferme, France","Spring faba bean, conventional, national average, at farm gate {FR} U",Culture,Agricultural\Plant production\Legumes\Transformation,4.62E-02,3.03E-01,4.63E-09,6.13E-03,4.82E-04,7.97E-09,2.71E-09,6.75E-10,1.13E-03,1.20E-04,7.20E-03,4.04E-03,1.81E+01,1.08E+02,3.02E-02,1.28E+00,9.37E-07,4.39E-05,1.75E-01,1.27E-01
"Féverole, conventionnel, protection intégrée, à la ferme, France","Spring faba bean, conventional, reduced protection, at farm gate {FR} U",Culture,Agricultural\Plant production\Legumes\Transformation,4.50E-02,3.00E-01,4.44E-09,5.95E-03,4.73E-04,7.91E-09,2.65E-09,6.73E-10,1.13E-03,1.19E-04,7.20E-03,4.03E-03,1.51E+01,1.08E+02,3.02E-02,1.24E+00,9.09E-07,4.28E-05,1.72E-01,1.27E-01
"Fibres de chanvre, France","Hemp fibre, without processing {FR} U",Culture,Agricultural\Plant production\Cereals\Transformation,7.08E-02,3.67E-01,3.06E-09,7.86E-03,8.84E-04,5.80E-08,2.74E-08,9.60E-10,8.48E-03,2.15E-04,6.08E-03,3.76E-02,2.29E+00,1.05E+02,4.03E-02,1.70E+00,1.57E-06,5.73E-05,2.43E-01,1.24E-01
"Fraise conventionnelle, hors sol sous abri anti gel, à la ferme, France","Strawberry, soilless protected crops, frost protection, conventional, at farm gate {FR} U",Culture,Agricultural\Plant production\Vegetables\Transformation,1.18E-01,8.76E-01,2.84E-08,2.45E-01,3.00E-03,4.93E-08,1.42E-08,1.41E-09,5.14E-03,6.19E-04,2.65E-03,1.57E-02,1.49E+01,1.14E+01,7.73E-01,1.92E+01,1.29E-05,8.54E-04,8.74E-01,6.75E-04
"Fraise conventionnelle, hors sol sous abri chauffé, à la ferme, France","Strawberry, soilless protected crops, heated, conventional, at farm gate {FR} U",Culture,Agricultural\Plant production\Vegetables\Transformation,2.89E-01,3.14E+00,1.24E-07,4.48E-01,8.93E-03,1.64E-07,2.58E-08,2.36E-09,1.15E-02,8.59E-04,4.40E-03,3.37E-02,2.31E+01,3.01E+01,1.06E+00,5.53E+01,1.93E-05,3.90E-03,3.13E+00,1.93E-03
"Fraise conventionnelle, hors sol sous abri non chauffé, à la ferme, France","Strawberry, soilless protected crops, non-heated, conventional, at farm gate {FR} U",Culture,Agricultural\Plant production\Vegetables\Transformation,1.27E-01,7.21E-01,1.83E-08,1.30E-01,2.95E-03,5.97E-08,1.43E-08,1.68E-09,6.12E-03,1.12E-03,4.70E-03,2.05E-02,1.37E+01,1.35E+01,1.25E+00,1.40E+01,1.50E-05,9.35E-04,7.20E-01,8.46E-04
"Fraise conventionnelle, moyenne nationale, à la ferme, France","Strawberry, conventional, national average, at farm gate {FR} U",Culture,Agricultural\Plant production\Fruits\Transformation,1.29E-01,1.08E+00,3.82E-08,1.94E-01,3.51E-03,6.80E-08,1.66E-08,1.45E-09,6.06E-03,5.02E-04,2.81E-03,1.93E-02,1.45E+01,1.78E+01,8.78E-01,2.06E+01,1.22E-05,1.30E-03,1.08E+00,8.38E-04
"Fraise conventionnelle, plein champ, à la ferme, France","Strawberry, open field, conventional, at farm gate {FR} U",Culture,Agricultural\Plant production\Vegetables\Transformation,5.09E-02,1.78E-01,6.97E-09,6.59E-02,9.27E-04,3.27E-08,1.25E-08,3.80E-10,4.82E-03,6.60E-05,3.98E-03,1.98E-02,8.69E+00,3.32E+01,1.03E+00,3.32E+00,1.77E-06,1.37E-04,1.78E-01,1.71E-04
"Fraise conventionnelle, sol sous abri non chauffé, à la ferme, France","Strawberry, soil protected crops, non-heated, conventional, at farm gate {FR} U",Culture,Agricultural\Plant production\Vegetables\Transformation,7.19E-02,4.76E-01,1.31E-08,8.01E-02,1.85E-03,4.01E-08,1.52E-08,1.29E-09,3.86E-03,1.38E-04,6.71E-04,1.23E-02,1.18E+01,9.97E+00,6.32E-01,1.02E+01,1.07E-05,6.58E-04,4.75E-01,5.61E-04
"Fraise industrie, plein champ, conventionnel, à la ferme, Espagne","Strawberry for processing, open field, conventional, at farm gate {ES} U",Culture,Agricultural\Plant production\Fruits\Transformation,1.32E-01,2.40E-01,8.54E-09,6.98E-02,1.25E-03,3.49E-08,1.33E-08,3.29E-10,5.16E-03,6.96E-05,4.06E-03,2.11E-02,9.12E+00,9.82E+01,1.05E+01,4.27E+00,2.27E-06,1.50E-04,2.40E-01,1.86E-04
"Fraise industrie, plein champ, conventionnel, à la ferme, maroc","Strawberry for processing, open field, conventional, at farm gate {MA} U",Culture,Agricultural\Plant production\Fruits\Transformation,1.32E-01,1.68E-01,6.86E-09,6.54E-02,7.57E-04,3.37E-08,1.27E-08,2.90E-10,4.82E-03,6.54E-05,3.92E-03,1.96E-02,8.70E+00,6.39E+01,1.16E+01,3.26E+00,1.67E-06,1.35E-04,1.67E-01,1.66E-04
"Fraise industrie, plein champ, conventionnel, à la ferme, Pologne","Strawberry for processing, open field, conventional, at farm gate {PL} U",Culture,Agricultural\Plant production\Fruits\Transformation,5.51E-02,1.68E-01,6.86E-09,6.54E-02,7.57E-04,3.37E-08,1.27E-08,2.90E-10,4.82E-03,6.54E-05,3.92E-03,1.96E-02,8.70E+00,1.36E+02,3.61E-01,3.26E+00,1.67E-06,1.35E-04,1.67E-01,1.66E-04
"Gadidae, mer celtique, chalut de fond, au débarquement, France","Gadidae, CelticSea, Bottom Trawl, average, at landing {FR} U",Pêche,Agricultural\Animal production\Fish\Transformation,6.25E-01,3.58E+00,7.75E-08,2.81E-02,7.98E-02,8.33E-07,1.41E-08,2.31E-09,1.09E-01,1.13E-04,2.66E-02,2.90E-01,2.06E+01,3.10E+00,9.58E-02,4.64E+01,7.99E-06,5.04E-04,3.58E+00,2.96E-03
"Génisse allaitante  système d'engraissement conventionnel, plus de 1,2 UGB par ha, à la ferme, France","Suckler heifer, conventional, fattening system, more than 1.2 LU per ha, at farm gate {FR} U",Elevage,Agricultural\Animal production\Bovine\Transformation,1.72E+00,1.81E+01,6.68E-08,4.79E-01,2.61E-02,1.82E-06,2.83E-07,6.37E-09,2.71E-01,5.40E-04,6.15E-02,1.21E+00,5.74E+01,1.02E+03,1.75E+00,3.20E+01,1.67E-05,1.35E+01,4.62E+00,5.25E-02
"Grain de café (robusta), dépulpés, au Brésil, au départ de l'exploitation, Brésil","Coffee bean (Robusta), depulped, Brazil, at farm gate {BR} U",Culture,Agricultural\Plant production\Fruits\Transformation,5.25E-01,1.63E+00,3.68E-08,4.21E-02,6.83E-03,3.22E-07,1.62E-08,5.01E-10,4.74E-02,1.95E-04,3.46E-02,2.02E-01,6.36E+02,2.24E+02,7.21E-01,1.02E+01,1.18E-05,6.95E-04,1.62E+00,6.53E-04
"Graine de chanvre, Champagne, à la ferme, France","Hemp, grain, Champagne, at farm gate {FR} U",Culture,Agricultural\Plant production\Cereals\Transformation,1.62E-01,8.42E-01,7.03E-09,1.81E-02,2.03E-03,1.33E-07,6.28E-08,2.20E-09,1.94E-02,4.93E-04,1.39E-02,8.62E-02,5.26E+00,2.42E+02,9.25E-02,3.91E+00,3.61E-06,1.32E-04,5.58E-01,2.84E-01
"Graine de tournesol,  conventionnel, 9% d'humidité, moyenne nationale, aliment pour animaux, à la ferme, France","Sunflower grain, conventional, 9% moisture, national average, animal feed, at farm gate, production {FR} U",Culture,Agricultural\Plant production\Oil seeds\Transformation,1.29E-01,8.97E-01,1.03E-08,3.15E-02,1.94E-03,6.80E-08,3.54E-08,3.24E-09,8.27E-03,5.26E-04,1.13E-02,4.18E-02,1.42E+01,2.41E+02,2.05E-01,3.91E+00,2.96E-06,3.60E-02,5.78E-01,2.83E-01
"Graine de tournesol, levier culture intermédiaire, à la ferme, France","Sunflower grain, systematic covercropping scenario, at farm gate {FR} U",Culture,Agricultural\Plant production\Oil seeds\Transformation,1.09E-01,7.85E-01,7.44E-09,1.53E-02,1.60E-03,3.65E-08,3.38E-09,3.59E-09,5.65E-03,7.19E-04,1.02E-02,2.32E-02,1.01E+01,2.42E+02,1.13E-01,3.50E+00,2.61E-06,1.12E-04,5.00E-01,2.85E-01
"Graine de tournesol, levier légumineuse dans rotation, à la ferme, France","Sunflower grain, protein crop scenario, at farm gate {FR} U",Culture,Agricultural\Plant production\Oil seeds\Transformation,1.16E-01,7.99E-01,6.12E-09,1.27E-02,1.73E-03,4.45E-08,2.98E-09,3.55E-09,6.97E-03,7.12E-04,1.31E-02,2.94E-02,9.58E+00,2.40E+02,1.34E-01,2.96E+00,2.27E-06,1.12E-04,5.17E-01,2.82E-01
"Graine de tournesol, scénario de base, à la ferme, France","Sunflower grain, basis scenario without lever, at farm gate {FR} U",Culture,Agricultural\Plant production\Oil seeds\Transformation,1.15E-01,7.97E-01,6.12E-09,1.27E-02,1.73E-03,4.45E-08,2.99E-09,3.55E-09,6.97E-03,7.12E-04,1.26E-02,2.94E-02,9.56E+00,2.40E+02,1.34E-01,2.96E+00,2.26E-06,1.12E-04,5.15E-01,2.82E-01
"Graines de lin extrudées, aliment Bleu Blanc Coeur, à la ferme, France","Flaxseed extruded, Bleu Blanc Coeur feed, at farm gate {FR} U",Culture,Agricultural\Plant production\Oil seeds\Transformation,1.71E-01,1.13E+00,1.46E-08,4.12E-02,2.93E-03,1.11E-07,1.56E-08,3.13E-09,1.72E-02,4.83E-04,1.57E-02,7.50E-02,1.45E+01,2.78E+02,2.49E-01,6.11E+00,3.94E-06,2.26E-04,8.00E-01,3.26E-01
"Graines de lin, paille, Normandie, à la ferme, France","Flaxseed, straw, ret, Normandie, at farm gate {FR} U",Culture,Agricultural\Plant production\Oil seeds\Transformation,4.09E-02,2.97E-01,5.21E-09,1.52E-02,7.26E-04,1.54E-08,3.32E-08,6.50E-10,2.57E-03,1.06E-04,1.08E-03,5.51E-03,8.15E+00,6.47E+01,6.94E-02,2.76E+00,2.66E-06,8.96E-05,2.22E-01,7.52E-02
"Grande truite, 2-4 kg, conventionnel, à la ferme, France","Large trout, 2-4kg, conventional, at farm gate {FR} U",Aquaculture,Agricultural\Animal production\Fish\Transformation,5.89E-01,2.24E+00,1.65E-07,7.75E-01,9.68E-03,1.26E-07,2.73E-08,1.29E-09,1.46E-02,1.01E-02,4.74E-02,5.17E-02,5.17E+01,4.89E+01,1.74E+01,3.61E+01,7.40E-06,1.12E-02,1.89E+00,3.42E-01
"Hareng de l'Atlantique, Clupea harengus, atlantique nord est, chalut pélagique, au débarquement, Pays-Bas","Atlantic Herring, Clupea harengus, NEA, Pelagic Trawl, average, at landing {NL} U",Pêche,Agricultural\Animal production\Fish\Transformation,9.54E-02,5.67E-01,3.94E-08,4.63E-03,1.20E-02,1.26E-07,2.11E-09,3.19E-10,1.65E-02,2.20E-05,4.00E-03,4.35E-02,3.17E+00,6.60E-01,1.48E-02,6.97E+00,1.46E-06,7.21E-04,5.66E-01,1.15E-03
"Haricot français, moyenne conventionnelle, nationale, à la ferme, France","French bean, conventional, national average, at farm gate {FR} U",Culture,Agricultural\Plant production\Vegetables\Transformation,3.80E-02,9.59E-02,9.53E-09,2.60E-03,4.88E-04,2.78E-08,1.46E-09,1.81E-10,4.23E-03,5.23E-05,1.93E-03,1.87E-02,9.41E+00,6.91E+01,8.59E-01,6.51E-01,4.72E-07,2.30E-05,9.59E-02,2.01E-05
"Homard, au débarquement, France","Lobster, 1 kg of product, at landing {FR} U",Pêche,Agricultural\Animal production\Seafood\Transformation,2.71E+00,1.53E+01,6.73E-07,8.62E-01,2.05E-01,2.21E-06,3.01E-07,2.16E-08,2.78E-01,4.46E-03,6.59E-02,7.04E-01,1.37E+02,4.04E+01,1.33E+00,2.33E+02,5.38E-04,3.09E-01,1.50E+01,7.65E-02
"Kiwi FR, conventionnel, moyenne nationale, au verger, France","Kiwi FR, conventional, national average, at orchard {FR} U",Culture,Agricultural\Plant production\Fruits\Transformation,5.35E-02,2.77E-01,6.01E-09,2.10E-02,1.02E-03,3.27E-08,9.31E-09,6.62E-10,2.82E-03,7.36E-05,5.30E-04,1.45E-02,4.12E+00,4.64E+01,1.64E+00,2.47E+00,6.52E-06,3.67E-02,2.41E-01,1.96E-04
"Laine, conventionnel, système Roquefort, à la ferme, France","Wool, conventional, Roquefort system, at farm gate {FR} U",Elevage,Agricultural\Animal production\Ovine\Transformation,6.12E-01,4.61E+00,1.95E-08,1.71E-01,5.73E-03,7.73E-07,5.75E-08,2.01E-09,1.12E-01,2.48E-04,2.14E-02,4.98E-01,1.88E+01,5.25E+02,3.97E-01,1.10E+01,6.08E-06,2.86E+00,1.70E+00,3.94E-02
"Laine, système de production conventionnel, intérieur, à la ferme, France","Wool, conventional, indoor production system, at farm gate {FR} U",Elevage,Agricultural\Animal production\Ovine\Transformation,4.81E-01,4.31E+00,1.52E-08,6.06E-02,6.59E-03,5.35E-07,7.77E-08,2.02E-09,7.93E-02,1.81E-04,1.68E-02,3.53E-01,1.62E+01,4.67E+02,2.31E-01,6.61E+00,4.82E-06,3.01E+00,1.23E+00,7.22E-02
"Lait de brebis, conventionnel, système Roquefort, à la ferme, France","Sheep milk, conventional, Roquefort system, at farm gate {FR} U",Elevage,Agricultural\Animal production\Dairy\Transformation,2.41E-01,1.84E+00,7.01E-09,6.95E-02,2.13E-03,3.02E-07,2.23E-08,7.58E-10,4.38E-02,9.11E-05,8.72E-03,1.94E-01,6.80E+00,2.12E+02,1.08E-01,4.35E+00,2.35E-06,1.15E+00,6.63E-01,2.50E-02
"Lait de chèvre, fourrage intensif, à la ferme, France","Goat milk, conventional, intensive forage area, at farm gate {FR} U",Elevage,Agricultural\Animal production\Dairy\Transformation,1.72E-01,1.19E+00,8.27E-09,8.22E-02,2.06E-03,2.22E-07,1.58E-08,5.80E-10,3.13E-02,1.13E-04,5.57E-03,1.37E-01,1.06E+01,9.10E+01,4.56E-01,4.74E+00,2.39E-06,5.67E-01,5.53E-01,7.23E-02
"Lait de vache, moyenne nationale, à la ferme, France","Cow milk, conventional, national average, at farm gate {FR} U",Elevage,Agricultural\Animal production\Dairy\Transformation,1.05E-01,1.11E+00,6.12E-09,3.51E-02,1.77E-03,1.01E-07,1.36E-08,5.29E-10,1.50E-02,6.81E-05,3.99E-03,6.56E-02,1.46E+01,5.91E+01,1.15E-01,2.25E+00,1.82E-06,7.18E-01,2.73E-01,1.15E-01
"Lait de vache, système conventionnel, lait de plaine, maïs ensilage 10 à 30%, à la ferme, France","Cow milk, conventional, lowland milk system, silage maize 10 to 30%, at farm gate {FR} U",Elevage,Agricultural\Animal production\Dairy\Transformation,1.07E-01,1.05E+00,6.10E-09,3.34E-02,1.68E-03,1.07E-07,1.39E-08,5.27E-10,1.58E-02,6.61E-05,4.35E-03,6.93E-02,1.56E+01,5.77E+01,9.72E-02,2.09E+00,1.70E-06,6.60E-01,2.50E-01,1.46E-01
"Lait de vache, système conventionnel, lait de plaine, maïs ensilage 5 à 10%, à la ferme, France","Cow milk, conventional, lowland milk system, silage maize 5 to 10%, at farm gate {FR} U",Elevage,Agricultural\Animal production\Dairy\Transformation,1.11E-01,1.10E+00,3.83E-09,3.88E-02,1.73E-03,1.15E-07,1.85E-08,4.51E-10,1.71E-02,4.12E-05,4.33E-03,7.54E-02,8.50E+00,7.32E+01,8.97E-02,2.06E+00,1.82E-06,7.46E-01,2.22E-01,1.30E-01
"Lait de vache, système conventionnel, Lait de plaine, maïs ensilage plus de 30%, à la ferme, France","Cow milk, conventional, lowland milk system, silage maize more than 30%, at farm gate {FR} U",Elevage,Agricultural\Animal production\Dairy\Transformation,9.93E-02,1.06E+00,6.48E-09,3.33E-02,1.71E-03,9.09E-08,1.26E-08,5.35E-10,1.35E-02,7.12E-05,4.09E-03,5.87E-02,1.72E+01,4.98E+01,1.20E-01,2.19E+00,1.80E-06,6.54E-01,2.60E-01,1.45E-01
"Lait de vache, système conventionnel, montagne, nourri à l'herbe, à la ferme, France","Cow milk, conventional, highland milk system, grass fed, at farm gate {FR} U",Elevage,Agricultural\Animal production\Dairy\Transformation,1.30E-01,1.40E+00,5.53E-09,4.43E-02,2.17E-03,1.34E-07,1.59E-08,5.38E-10,1.99E-02,6.84E-05,2.93E-03,8.77E-02,3.97E+00,9.80E+01,1.32E-01,2.87E+00,2.10E-06,1.08E+00,3.90E-01,-6.85E-02
"Laitue conventionnelle, automne sous tunnel, à la ferme, France","Lettuce, autumn under tunnel, conventional, at farm gate {FR} U",Culture,Agricultural\Plant production\Vegetables\Transformation,1.99E-02,9.93E-02,2.99E-09,2.94E-02,4.01E-04,9.86E-09,1.92E-08,3.39E-10,1.05E-03,2.65E-05,3.51E-04,3.91E-03,3.01E+00,2.83E+00,2.84E-01,2.58E+00,1.70E-06,1.47E-03,9.76E-02,2.77E-04
"Laitue conventionnelle, hiver sous tunnel, à la ferme, France","Lettuce, winter under tunnel, conventional, at farm gate {FR} U",Culture,Agricultural\Plant production\Vegetables\Transformation,2.42E-02,1.35E-01,3.80E-09,2.38E-02,5.45E-04,1.30E-08,1.99E-08,4.26E-10,1.38E-03,3.57E-05,4.01E-04,5.15E-03,3.41E+00,3.51E+00,3.04E-01,2.93E+00,2.36E-06,1.47E-03,1.34E-01,2.81E-04
"Laitue conventionnelle, moyenne nationale, à la ferme, France","Lettuce, conventional, national average, at farm gate {FR} U",Culture,Agricultural\Plant production\Vegetables\Transformation,2.04E-02,9.77E-02,3.19E-09,3.75E-02,3.90E-04,8.89E-09,2.21E-08,3.13E-10,1.04E-03,2.18E-05,7.40E-04,3.97E-03,2.34E+00,3.42E+00,3.16E-01,2.50E+00,1.47E-06,8.88E-04,9.66E-02,1.89E-04
"Laitue conventionnelle, plein champ, à la ferme, France","Lettuce, open field, conventional, at farm gate {FR} U",Culture,Agricultural\Plant production\Vegetables\Transformation,1.81E-02,7.22E-02,2.92E-09,5.07E-02,2.82E-04,5.56E-09,2.51E-08,2.21E-10,8.06E-04,9.78E-06,1.21E-03,3.23E-03,1.16E+00,3.73E+00,3.39E-01,2.13E+00,7.50E-07,9.00E-05,7.20E-02,6.55E-05
"Lapin de réforme, conventionnel, en cage, à la ferme, France","Cull rabbit, conventional, in cage, at farm gate {FR} U",Elevage,Agricultural\Animal production\Others\Transformation,7.04E-01,8.69E+00,1.78E-07,1.39E+00,1.99E-02,3.26E-07,9.56E-08,7.14E-09,3.67E-02,1.21E-03,2.49E-02,1.36E-01,8.71E+01,3.72E+02,1.22E+00,8.90E+01,2.80E-05,2.51E+00,5.42E+00,7.70E-01
"Lapin, conventionnel, en cage, à la ferme, France","Rabbit, conventional, in cage, at farm gate {FR} U",Elevage,Agricultural\Animal production\Others\Transformation,2.64E-01,3.44E+00,3.24E-08,2.61E-01,6.32E-03,1.78E-07,3.43E-08,2.07E-09,2.22E-02,4.04E-04,1.03E-02,9.11E-02,3.41E+01,1.45E+02,3.59E-01,1.66E+01,6.46E-06,1.89E+00,1.23E+00,3.21E-01
"Lupin de printemps, 2013, conventionnel, moyenne nationale, à la ferme, France","Spring lupin, 2013, conventional, national average, at farm gate, production {FR} U",Culture,Agricultural\Plant production\Legumes\Transformation,1.21E-01,9.17E-01,9.36E-09,1.85E-02,1.11E-03,2.44E-08,4.54E-09,3.55E-09,1.93E-03,4.53E-04,1.84E-02,1.02E-02,8.60E+00,3.48E+02,7.84E-02,3.39E+00,2.75E-06,4.30E-02,4.68E-01,4.06E-01
"Lupin de printemps, 2015, conventionnel, moyenne nationale, à la ferme, France","Spring lupin, 2015, conventional, national average, at farm gate, production {FR} U",Culture,Agricultural\Plant production\Legumes\Transformation,2.48E-01,8.90E-01,9.87E-09,2.06E-02,1.46E-03,2.96E-07,3.79E-08,2.65E-09,4.26E-02,4.35E-04,1.86E-02,1.88E-01,1.04E+01,3.28E+02,1.54E-01,3.65E+00,3.58E-06,1.34E-04,5.07E-01,3.83E-01
"Lupin d'hiver, 2013, conventionnel, moyenne nationale, à la ferme, France","Winter lupin, 2013, conventional, national average, at farm gate, production {FR} U",Culture,Agricultural\Plant production\Legumes\Transformation,8.79E-02,6.25E-01,6.26E-09,1.05E-02,6.85E-04,1.21E-08,2.37E-09,2.58E-09,1.06E-03,3.63E-04,1.49E-02,4.34E-03,6.10E+00,2.72E+02,6.00E-02,1.93E+00,1.56E-06,1.60E-02,2.89E-01,3.19E-01
"Lupin d'hiver, 2015, conventionnel, moyenne nationale, à la ferme, France","Winter lupin, 2015, conventional, national average, at farm gate, production {FR} U",Culture,Agricultural\Plant production\Legumes\Transformation,8.65E-02,5.51E-01,3.72E-09,1.03E-02,9.31E-04,2.53E-08,1.25E-08,1.75E-09,3.68E-03,3.09E-04,1.28E-02,1.49E-02,7.78E+00,2.30E+02,8.70E-02,2.07E+00,1.67E-06,7.36E-05,2.81E-01,2.70E-01
"Lupin, conventionnel, moyenne nationale, à la ferme, France","Lupin, conventional, national average, at farm gate, production {FR} U",Culture,Agricultural\Plant production\Legumes\Transformation,1.15E-01,6.78E-01,6.31E-09,1.30E-02,9.46E-04,5.83E-08,1.13E-08,2.44E-09,7.94E-03,3.67E-04,1.52E-02,3.46E-02,7.68E+00,2.76E+02,8.56E-02,2.43E+00,2.06E-06,1.20E-02,3.43E-01,3.23E-01
"Luzerne déshydratée, conventionnelle, processus avec énergie 100% biomasse, sortie usine, France","Alfalfa, dehydrated, 100% biomass energy process, conventional, at feed plant {FR} U",Culture,Agricultural\Animal feed\Feed ingredients\Transformation\Legumes based,4.17E-02,2.60E-01,5.75E-09,7.37E-02,1.98E-03,3.90E-08,7.66E-09,2.89E-10,1.85E-03,4.54E-05,2.98E-03,6.59E-03,7.16E+00,6.12E+01,5.99E-02,3.57E+00,1.47E-06,7.29E-04,1.99E-01,6.03E-02
"Luzerne déshydratée, conventionnelle, sortie usine, France","Alfalfa, dehydrated, with new energies process, conventional, at feed plant {FR} U",Culture,Agricultural\Animal feed\Feed ingredients\Transformation\Legumes based,6.15E-02,5.51E-01,5.86E-09,7.62E-02,2.44E-03,5.26E-08,9.24E-09,3.14E-10,3.93E-03,2.23E-04,3.14E-03,7.96E-03,7.60E+00,5.64E+01,6.38E-02,6.14E+00,1.42E-06,4.42E-04,4.91E-01,6.02E-02
"Luzerne, conventionnel, par déshydratation, alimentation animale, à la ferme, France","Alfalfa, conventional, for dehydration, animal feed, at farm gate, production {FR} U",Culture,Agricultural\Plant production\Roughage\Transformation,2.45E-02,1.81E-01,3.90E-09,5.02E-03,7.32E-04,7.40E-09,5.16E-09,1.93E-10,9.63E-04,3.19E-05,2.60E-03,2.32E-03,6.52E+00,5.16E+01,5.21E-02,1.22E+00,1.09E-06,7.10E-05,1.21E-01,5.99E-02
"Luzerne, conventionnel, pour l'alimentation des animaux, à la ferme, France","Alfalfa, conventional, for animal feeding, at farm gate {FR} U",Culture,Agricultural\Plant production\Roughage\Transformation,2.53E-02,2.49E-01,1.61E-09,5.38E-03,2.29E-04,2.06E-09,9.64E-10,1.33E-10,2.18E-04,2.11E-05,3.94E-03,4.14E-04,1.96E+00,7.81E+01,2.03E-02,1.11E+00,7.61E-07,4.90E-05,1.53E-01,9.63E-02
"Luzerne, moyenne conventionnelle, nationale, à la ferme, France","Alfalfa, conventional, national average, at farm gate {FR} U",Culture,Agricultural\Plant production\Roughage\Transformation,2.51E-02,2.29E-01,2.29E-09,5.27E-03,3.80E-04,3.66E-09,2.22E-09,1.51E-10,4.41E-04,2.43E-05,3.54E-03,9.85E-04,3.33E+00,7.02E+01,2.98E-02,1.15E+00,8.60E-07,5.56E-05,1.43E-01,8.54E-02
"Maïs grain, conventionnel, 28% d'humidité, moyenne nationale, alimentation animale, à la ferme, France","Maize grain, conventional, 28% moisture, national average, animal feed, at farm gate {FR} U",Culture,Agricultural\Plant production\Cereals\Transformation,6.50E-02,3.56E-01,1.10E-08,4.05E-02,1.19E-03,5.38E-08,7.06E-09,5.54E-10,7.86E-03,9.77E-05,3.38E-03,3.56E-02,1.99E+01,4.95E+01,5.50E-01,2.35E+00,1.39E-06,1.07E-04,2.98E-01,5.79E-02
"Maïs grain, conventionnel, 28% d'humidité, moyenne nationale, avec empreinte eau, alimentation animale, à la ferme, France","Maize grain, conventional, 28% moisture, national average, with water footprint, animal feed, at farm gate {FR} U",Culture,Agricultural\Plant production\Cereals\Transformation,6.53E-02,3.56E-01,1.10E-08,4.05E-02,1.19E-03,5.38E-08,7.06E-09,5.54E-10,7.86E-03,9.77E-05,3.38E-03,3.56E-02,1.99E+01,4.95E+01,6.00E-01,2.35E+00,1.39E-06,1.07E-04,2.98E-01,5.79E-02
"Maïs grain, levier culture intermédiaire systématique, à la ferme, France","Grain maize, systematic cover cropping scenario, at farm gate {FR} U",Culture,Agricultural\Plant production\Cereals\Transformation,7.38E-02,3.55E-01,1.65E-08,6.73E-02,1.16E-03,5.96E-08,1.03E-08,8.09E-10,8.98E-03,1.38E-04,2.60E-03,3.93E-02,2.28E+01,5.49E+01,9.35E-01,2.98E+00,1.56E-06,9.99E-05,2.91E-01,6.38E-02
"Maïs grain, levier légumineuse dans rotation, à la ferme, France","Grain maize, protein crop scenario, at farm gate {FR} U",Culture,Agricultural\Plant production\Cereals\Transformation,7.19E-02,3.40E-01,1.47E-08,6.65E-02,1.09E-03,5.64E-08,9.83E-09,7.87E-10,8.50E-03,1.35E-04,3.85E-03,3.73E-02,2.01E+01,5.18E+01,9.27E-01,2.81E+00,1.43E-06,9.44E-05,2.79E-01,6.06E-02
"Maïs grain, scénario de base, à la ferme, France","Grain maize, basis scenario without lever, at farm gate {FR} U",Culture,Agricultural\Plant production\Cereals\Transformation,7.64E-02,3.71E-01,1.51E-08,6.69E-02,1.22E-03,6.14E-08,1.20E-08,8.16E-10,9.29E-03,1.38E-04,3.86E-03,4.08E-02,2.01E+01,5.46E+01,9.43E-01,2.94E+00,1.50E-06,1.00E-04,3.07E-01,6.38E-02
"Maquereau Atlantique, Scomber scombrus, atlantique nord est, chalut pélagique, au débarquement, Pays-Bas","Atlantic Mackerel, Scomber scombrus, NEA, Pelagic Trawl, average, at landing {NL} U",Pêche,Agricultural\Animal production\Fish\Transformation,9.65E-02,5.77E-01,4.30E-08,4.71E-03,1.21E-02,1.27E-07,2.14E-09,3.23E-10,1.66E-02,2.25E-05,4.04E-03,4.39E-02,3.21E+00,6.75E-01,1.51E-02,7.03E+00,1.50E-06,7.50E-04,5.75E-01,1.20E-03
"Melon conventionnel, moyenne nationale, à la ferme, France","Melon, conventional, national average, at farm gate {FR} U",Culture,Agricultural\Plant production\Vegetables\Transformation,3.14E-02,1.72E-01,3.91E-09,3.95E-02,5.85E-04,9.76E-09,9.19E-09,4.71E-10,1.19E-03,8.20E-05,2.10E-03,3.60E-03,2.08E+00,2.18E+01,7.53E-01,3.60E+00,2.00E-06,2.59E-04,1.71E-01,2.08E-04
"Melon conventionnel, plein champ, à la ferme, France","Melon, open field, conventional, at farm gate {FR} U",Culture,Agricultural\Plant production\Vegetables\Transformation,2.89E-02,1.51E-01,3.47E-09,3.71E-02,5.00E-04,8.17E-09,7.51E-09,4.34E-10,1.02E-03,8.04E-05,2.13E-03,2.98E-03,1.93E+00,2.25E+01,7.38E-01,3.18E+00,1.72E-06,1.23E-04,1.51E-01,1.79E-04
"Melon conventionnel, sous chenille, à la ferme, France","Melon, under low tunnel, conventional, at farm gate {FR} U",Culture,Agricultural\Plant production\Vegetables\Transformation,4.22E-02,2.53E-01,5.62E-09,4.87E-02,9.18E-04,1.49E-08,1.07E-08,6.05E-10,1.90E-03,1.06E-04,2.75E-03,5.88E-03,2.99E+00,2.43E+01,8.90E-01,5.29E+00,2.43E-06,2.55E-04,2.52E-01,2.82E-04
"Melon conventionnel, sous tunnel, à la ferme, France","Melon, protected crop, conventional, at farm gate {FR} U",Culture,Agricultural\Plant production\Vegetables\Transformation,4.53E-02,2.99E-01,6.62E-09,5.38E-02,1.09E-03,2.11E-08,2.67E-08,7.18E-10,2.16E-03,6.66E-05,8.97E-04,7.63E-03,2.53E+00,1.00E+01,7.32E-01,6.20E+00,4.62E-06,1.85E-03,2.97E-01,4.46E-04
"Moules, avec la coquille, au port, France","Mussels, with shell, at farm gate {FR} U",Aquaculture,Agricultural\Animal production\Seafood\Transformation,5.67E-02,4.74E-01,8.90E-09,4.90E-02,5.48E-03,1.92E-08,3.35E-09,3.04E-10,4.37E-03,6.79E-05,1.77E-03,1.91E-02,3.02E+00,5.67E+01,8.76E-02,7.70E+00,2.52E-06,5.71E-03,4.68E-01,7.68E-04
"Noix conventionnelle, en coque séchée, moyenne nationale, à la ferme, France","Walnut, dried inshell, conventional, national average, at farm gate {FR} U",Culture,Agricultural\Plant production\Nuts\Transformation,2.39E-01,1.50E+00,6.59E-08,1.36E-01,6.14E-03,1.24E-07,2.29E-08,8.77E-10,1.96E-02,2.28E-04,7.04E-03,8.07E-02,1.98E+01,3.19E+02,4.32E+00,1.64E+01,1.82E-05,5.26E-04,1.50E+00,5.47E-04
"Noix conventionnelle, en coque séchée, variétés à fructification latérale, à la ferme, France","Walnut, dried inshell, varieties with lateral fructification, conventional, at farm gate {FR} U",Culture,Agricultural\Plant production\Nuts\Transformation,1.72E-01,1.18E+00,6.79E-08,1.14E-01,4.38E-03,8.83E-08,1.57E-08,6.02E-10,1.38E-02,1.41E-04,4.59E-03,5.67E-02,1.70E+01,1.67E+02,3.52E+00,1.37E+01,1.17E-05,3.99E-04,1.18E+00,3.84E-04
"Noix conventionnelle, en coque séchée, variétés traditionnelles, à la ferme, France","Walnut, dried inshell, traditional varieties, conventional, at farm gate {FR} U",Culture,Agricultural\Plant production\Nuts\Transformation,2.62E-01,1.61E+00,6.53E-08,1.43E-01,6.72E-03,1.36E-07,2.54E-08,9.69E-10,2.15E-02,2.57E-04,7.86E-03,8.87E-02,2.07E+01,3.69E+02,4.59E+00,1.73E+01,2.03E-05,5.68E-04,1.61E+00,6.01E-04
"Oeuf, moyenne nationale, à la ferme, France","Egg, conventionnal, national average, at farm gate {FR} U",Elevage,Agricultural\Animal production\Avian\Transformation,,,,,,,,,,,,,,,,,,,,
"Oeuf, production conventionnelle, intérieur, cage règles 2012, à la ferme, France","Egg, conventional, indoor production, cage 2012 rules, at farm gate {FR} U",Elevage,Agricultural\Animal production\Avian\Transformation,,,,,,,,,,,,,,,,,,,,
"Oeuf, système conventionnel, en plein air, à la ferme, France","Egg, conventional, outdoor system, at farm gate {FR} U",Elevage,Agricultural\Animal production\Avian\Transformation,,,,,,,,,,,,,,,,,,,,
"Oeuf, système conventionnel, intérieur, au sol, à la ferme, France","Egg, conventional, indoor system, non-cage, at farm gate {FR} U",Elevage,Agricultural\Animal production\Avian\Transformation,,,,,,,,,,,,,,,,,,,,
"Oeuf, système conventionnel, intérieur, en cage, à la ferme, France","Egg, conventional, indoor system, cage, at farm gate {FR} U",Elevage,Agricultural\Animal production\Avian\Transformation,,,,,,,,,,,,,,,,,,,,
"Oignon conventionnel, jour court semé, à la ferme , France","Onion, short day sown, conventional, at farm gate {FR} U",Culture,Agricultural\Plant production\Vegetables\Transformation,1.54E-02,6.62E-02,1.97E-09,2.61E-02,2.59E-04,6.47E-09,3.58E-09,1.33E-10,9.34E-04,2.58E-05,1.36E-03,3.19E-03,2.52E+00,1.15E+01,3.27E-01,1.07E+00,1.12E-06,4.90E-05,6.61E-02,9.37E-05
"Oignon conventionnel, jour long planté, à la ferme, France","Onion, long-day planted, conventional, at farm gate {FR} U",Culture,Agricultural\Plant production\Vegetables\Transformation,3.81E-02,1.51E-01,7.07E-09,7.31E-02,5.77E-04,1.42E-08,8.52E-09,3.13E-10,2.04E-03,6.01E-05,3.93E-03,7.02E-03,5.52E+00,2.77E+01,9.24E-01,2.69E+00,2.51E-06,1.13E-04,1.50E-01,2.06E-04
"Oignon conventionnel, jour long semé, à la ferme, France","Onion, long-day sown, conventional, at farm gate {FR} U",Culture,Agricultural\Plant production\Vegetables\Transformation,1.43E-02,5.61E-02,3.32E-09,2.89E-02,2.21E-04,5.42E-09,2.84E-09,1.27E-10,7.81E-04,2.45E-05,1.22E-03,2.63E-03,2.13E+00,1.18E+01,3.65E-01,1.05E+00,9.71E-07,4.56E-05,5.60E-02,7.76E-05
"Oignon conventionnel, moyenne nationale, à la ferme, France","Onion, conventional, national average, at farm {FR} U",Culture,Agricultural\Plant production\Vegetables\Transformation,1.68E-02,6.66E-02,3.56E-09,3.30E-02,2.60E-04,6.41E-09,3.48E-09,1.47E-10,9.22E-04,2.82E-05,1.50E-03,3.13E-03,2.51E+00,1.34E+01,4.17E-01,1.22E+00,1.14E-06,5.26E-05,6.65E-02,9.20E-05
"Orge de printemps, conventionnel, brassicole, à la ferme, France","Spring barley, conventional, malting quality, animal feed, at farm gate {FR} U",Culture,Agricultural\Plant production\Vegetables\Transformation,6.66E-02,4.76E-01,5.97E-09,1.46E-02,1.48E-03,4.29E-08,6.88E-09,6.36E-10,6.75E-03,1.15E-04,5.11E-03,2.93E-02,7.06E+00,8.25E+01,1.88E-01,2.31E+00,1.73E-06,1.12E-04,3.79E-01,9.66E-02
"Orge de printemps, conventionnel, déclassé,  à la ferme, France","Spring barley, conventional, downgraded quality, animal feed, at farm gate {FR} U",Culture,Agricultural\Plant production\Vegetables\Transformation,6.99E-02,5.21E-01,6.57E-09,1.60E-02,1.63E-03,4.71E-08,7.64E-09,7.00E-10,7.42E-03,1.26E-04,5.63E-03,3.23E-02,7.77E+00,9.08E+01,2.07E-01,2.54E+00,1.90E-06,1.23E-04,4.14E-01,1.06E-01
"Orge d'hiver, conventionnel, brassicole, à la ferme, France","Winter barley, conventional, malting quality, animal feed, at farm gate {FR} U",Culture,Agricultural\Plant production\Vegetables\Transformation,5.97E-02,4.70E-01,8.23E-09,8.55E-03,1.41E-03,4.28E-08,6.99E-09,6.16E-10,6.36E-03,1.12E-04,4.66E-03,2.88E-02,5.76E+00,7.45E+01,1.13E-01,2.05E+00,1.59E-06,1.14E-02,3.71E-01,8.72E-02
"Orge, pour alimentation animale, conventionnel, moyenne nationale, France","Barley, feed grain, conventional, national average, animal feed, at farm gate {FR} U ",Culture,Agricultural\Plant production\Vegetables\Transformation,6.08E-02,4.55E-01,7.89E-09,9.43E-03,1.43E-03,4.22E-08,5.77E-09,6.65E-10,6.58E-03,1.23E-04,4.83E-03,2.88E-02,7.08E+00,7.76E+01,1.27E-01,2.11E+00,1.63E-06,2.25E-03,3.62E-01,9.09E-02
"Pêche conventionnelle, moyenne nationale, au verger, France","Peach, conventional, national average, at orchard {FR} U",Culture,Agricultural\Plant production\Fruits\Transformation,5.62E-02,1.53E-01,2.94E-09,4.80E-02,3.62E-04,4.43E-09,1.21E-08,2.32E-10,6.05E-04,4.39E-05,8.99E-03,1.79E-03,1.29E+01,1.47E+02,1.25E+00,2.25E+00,1.75E-06,6.18E-05,1.53E-01,5.66E-05
"Petit pois annuel pour transformation industrielle, conventionnel, moyenne nationale, à la ferme, France","Annual vining pea for industry, Conventional, National average, at farm gate {FR} U",Culture,Agricultural\Plant production\Vegetables\Transformation,5.60E-02,3.18E-01,1.13E-08,6.16E-03,6.95E-04,3.77E-08,4.67E-09,4.93E-10,5.45E-03,8.97E-05,5.56E-03,2.36E-02,9.80E+00,7.10E+01,5.37E-01,2.18E+00,1.13E-06,6.16E-05,3.14E-01,3.63E-03
"Petite truite, 250-350g,  conventionnel, à la ferme, France","Small trout, 250-350g, conventional, at farm gate {FR} U",Aquaculture,Agricultural\Animal production\Fish\Transformation,1.44E+00,1.87E+00,1.90E-07,7.12E-01,8.99E-03,1.32E-07,1.95E-08,9.02E-10,1.32E-02,1.13E-02,4.39E-02,4.70E-02,6.37E+01,4.77E+01,1.31E+02,3.34E+01,7.05E-06,1.17E-02,1.76E+00,9.91E-02
"Poire conventionnelle, au verger, France","Pear, conventional, national average, at orchard {FR} U",Culture,Agricultural\Plant production\Fruits\Transformation,2.00E-02,7.86E-02,5.58E-09,2.98E-02,3.64E-04,4.90E-09,4.43E-09,2.01E-10,7.92E-04,1.39E-05,4.49E-04,2.90E-03,2.24E+00,1.22E+01,1.03E+00,1.40E+00,1.30E-06,4.64E-05,7.85E-02,3.67E-05
"Poire, à la ferme, Pays-Bas","Pear, at farm {NL} U",Culture,Agricultural\Plant production\Fruits\Transformation,2.35E-02,5.32E-02,2.41E-09,4.62E-03,5.01E-04,1.73E-08,4.30E-09,5.83E-10,2.45E-03,2.55E-05,1.75E-04,1.04E-02,2.43E+01,1.62E+01,5.10E-02,6.71E-01,6.77E-07,4.59E-04,5.27E-02,6.47E-05
"Poireau conventionnel, automne irrigué, à la ferme, France","Autumn irrigated leek, conventional, at farm gate {FR} U",Culture,Agricultural\Plant production\Vegetables\Transformation,3.08E-02,1.54E-01,1.51E-08,7.87E-02,6.30E-04,1.07E-08,4.83E-08,3.61E-10,1.67E-03,1.54E-05,1.15E-03,6.80E-03,4.99E+00,4.11E+00,4.26E-01,2.95E+00,1.27E-06,8.15E-05,1.54E-01,5.78E-05
"Poireau conventionnel, hiver non irrigué, à la ferme, France","Leek, winter non-irrigated, conventional, at farm gate {FR} U",Culture,Agricultural\Plant production\Vegetables\Transformation,2.23E-02,1.57E-01,8.58E-09,1.64E-02,5.59E-04,1.33E-08,1.30E-08,1.59E-10,1.98E-03,2.02E-05,1.25E-03,7.73E-03,6.24E+00,6.74E+00,4.43E-02,1.72E+00,1.42E-06,7.16E-05,1.57E-01,8.45E-05
"Poireau conventionnel, moyenne nationale, à la ferme, France","Leek, conventional, national average, at plant {FR} U",Culture,Agricultural\Plant production\Vegetables\Transformation,2.75E-02,1.52E-01,9.31E-09,4.56E-02,5.80E-04,1.27E-08,2.96E-08,2.59E-10,1.89E-03,2.02E-05,1.18E-03,7.19E-03,8.35E+00,5.90E+00,2.34E-01,2.32E+00,1.44E-06,9.15E-05,1.52E-01,7.71E-05
"Poireau conventionnel, précoce planté, à la ferme, France","Leek, early planted, conventional, at farm gate {FR} U",Culture,Agricultural\Plant production\Vegetables\Transformation,3.74E-02,1.35E-01,3.39E-09,8.77E-02,5.72E-04,1.28E-08,5.18E-08,4.11E-10,1.88E-03,2.51E-05,9.89E-04,6.07E-03,1.72E+01,5.13E+00,5.58E-01,3.32E+00,1.71E-06,1.56E-04,1.34E-01,7.85E-05
"Poireau conventionnel, précoce semé, à la ferme, France","Leek, early sown, conventional, at farm gate {FR} U",Culture,Agricultural\Plant production\Vegetables\Transformation,3.84E-02,1.34E-01,6.86E-09,7.02E-02,5.80E-04,1.49E-08,5.23E-08,3.89E-10,2.22E-03,2.92E-05,1.20E-03,6.83E-03,2.28E+01,8.68E+00,3.41E-01,2.75E+00,1.73E-06,1.72E-04,1.34E-01,9.08E-05
"Pois de printemps, conventionnel, 15% d'humidité, aliment pour animaux, à la ferme, France","Spring pea, conventional, 15% moisture, animal feed, at farm gate, production {FR} U",Culture,Agricultural\Plant production\Legumes\Transformation,5.51E-02,3.44E-01,2.03E-08,1.82E-02,6.03E-04,9.64E-09,5.63E-09,8.81E-10,1.39E-03,1.69E-04,7.88E-03,4.92E-03,1.98E+01,1.22E+02,1.73E-01,1.87E+00,1.33E-06,6.01E-05,2.01E-01,1.43E-01
"Pois d'hiver, conventionnel, 15% d'humidité, à la ferme, France","Winter pea, conventional, 15% moisture, at farm gate {FR} U",Culture,Agricultural\Plant production\Legumes\Transformation,6.40E-02,3.92E-01,2.16E-08,1.68E-02,6.85E-04,1.12E-08,5.34E-09,1.34E-09,1.63E-03,2.74E-04,9.37E-03,5.85E-03,1.94E+01,1.45E+02,1.48E-01,1.97E+00,1.44E-06,6.45E-05,2.22E-01,1.70E-01
"Poivre noir, conventionnel, à la ferme, Vietnam","Black pepper, conventional, at farm gate {VN} U",Culture,Agricultural\Plant production\Fruits\Transformation,2.99E-01,2.46E+00,2.19E-08,1.96E-01,8.23E-03,2.99E-07,2.73E-08,7.03E-10,2.12E-02,3.45E-04,2.21E-02,1.31E-01,1.16E+01,2.34E+02,1.36E+00,1.49E+01,1.88E-05,4.43E-01,2.02E+00,2.29E-03
"Pomme à cidre, moyen conventionnel, national, au verger, France","Cider apple, conventional, national average, at orchard {FR} U",Culture,Agricultural\Plant production\Fruits\Transformation,1.35E-02,8.86E-02,5.06E-09,4.27E-03,2.43E-04,2.90E-09,1.74E-08,2.86E-10,4.42E-04,1.25E-05,8.99E-04,1.48E-03,1.94E+00,2.02E+01,9.25E-03,8.21E-01,1.06E-06,2.88E-05,8.85E-02,3.32E-05
"Pomme conventionnelle, moyenne nationale, au verger, France","Apple, conventional, national average, at orchard {FR} U",Culture,Agricultural\Plant production\Fruits\Transformation,1.58E-02,7.52E-02,7.78E-09,1.53E-02,3.84E-04,5.31E-09,4.23E-09,2.14E-10,6.86E-04,1.38E-05,3.43E-04,2.91E-03,6.93E+00,1.21E+01,4.27E-01,1.05E+00,9.99E-07,4.32E-03,7.08E-02,7.49E-05
"Pomme conventionnelle, non tolérante à la tavelure, au verger, France","Apple, conventional, non scab-tolerant, at orchard {FR} U",Culture,Agricultural\Plant production\Fruits\Transformation,1.58E-02,7.54E-02,8.12E-09,1.53E-02,3.84E-04,5.33E-09,4.27E-09,2.14E-10,6.89E-04,1.38E-05,3.39E-04,2.91E-03,7.10E+00,1.20E+01,4.25E-01,1.05E+00,1.00E-06,4.32E-03,7.10E-02,7.42E-05
"Pomme conventionnelle, tolérante tavelure, au verger, France","Apple, conventional, scab-tolerant, at orchard {FR} U",Culture,Agricultural\Plant production\Fruits\Transformation,1.52E-02,7.31E-02,4.76E-09,1.55E-02,3.84E-04,5.13E-09,3.85E-09,2.19E-10,6.63E-04,1.36E-05,3.84E-04,2.95E-03,5.45E+00,1.23E+01,4.48E-01,1.01E+00,9.64E-07,4.31E-03,6.87E-02,8.12E-05
"Pomme de terre fécule, moyenne conventionnel, national, à la ferme, France","Starch potato, conventional, national average, at farm gate {FR} U",Culture,Agricultural\Plant production\Roots and tubers\Transformation,1.13E-02,8.55E-02,1.99E-09,3.32E-03,2.62E-04,6.33E-09,3.57E-09,1.18E-10,9.62E-04,1.90E-05,7.74E-04,3.88E-03,2.06E+00,1.47E+01,2.31E-02,5.62E-01,4.97E-07,3.71E-05,6.82E-02,1.72E-02
"Pommes de terre, conventionnel, à usage industriel, à la ferme, France","Ware potato, conventional, for industrial use, at farm gate {FR} U",Culture,Agricultural\Plant production\Roots and tubers\Transformation,1.34E-02,9.40E-02,2.33E-09,1.03E-02,3.00E-04,7.45E-09,4.09E-09,1.30E-10,1.14E-03,2.15E-05,7.45E-04,4.61E-03,2.30E+00,1.50E+01,1.16E-01,7.50E-01,5.84E-07,4.40E-05,7.65E-02,1.75E-02
"Pommes de terre, conventionnel, mélange de variétés, moyenne nationale, à la ferme, France","Ware potato, conventional, variety mix, national average, at farm gate {FR} U",Culture,Agricultural\Plant production\Roots and tubers\Transformation,1.30E-02,9.22E-02,2.26E-09,9.16E-03,2.93E-04,7.23E-09,3.98E-09,1.28E-10,1.10E-03,2.10E-05,7.50E-04,4.46E-03,2.25E+00,1.49E+01,1.01E-01,7.16E-01,5.66E-07,4.27E-05,7.47E-02,1.74E-02
"Pommes de terre, conventionnel, pour le marché frais, autres variétés, à la ferme, France","Ware potato, conventional, for fresh market, other varieties, at farm gate {FR} U",Culture,Agricultural\Plant production\Roots and tubers\Transformation,1.35E-02,9.39E-02,2.33E-09,1.08E-02,3.00E-04,7.45E-09,4.09E-09,1.30E-10,1.14E-03,2.15E-05,7.45E-04,4.61E-03,2.30E+00,1.50E+01,1.22E-01,7.58E-01,5.82E-07,4.42E-05,7.63E-02,1.75E-02
"Pommes de terre, conventionnel, pour le marché frais, variétés à chair ferme, à la ferme, France","Ware potato, conventional, for fresh market, firm flesh varieties, at farm gate {FR} U",Culture,Agricultural\Plant production\Roots and tubers\Transformation,1.56E-02,1.06E-01,2.79E-09,1.33E-02,3.32E-04,8.03E-09,5.27E-09,1.58E-10,1.21E-03,2.59E-05,9.09E-04,4.84E-03,2.82E+00,1.75E+01,1.49E-01,8.94E-01,6.87E-07,5.27E-05,8.53E-02,2.04E-02
"Porc, Label Rouge, système plein air, à la ferme, France","Pig, Label Rouge, outdoor system, at farm gate {FR} U",Elevage,Agricultural\Animal production\Porcine\Transformation,4.17E-01,2.34E+00,3.71E-08,3.83E-01,6.25E-03,4.76E-07,3.11E-08,2.14E-09,6.71E-02,3.93E-04,1.76E-02,2.93E-01,9.39E+01,1.69E+02,9.95E-01,1.82E+01,1.04E-05,4.15E-01,1.63E+00,2.99E-01
"Porc, conventionnel, Cahier des charges Porc bien-être, à la ferme, France","Pig, conventional, Porc Bien Etre, at farm gate {FR} U",Elevage,Agricultural\Animal production\Porcine\Transformation,3.43E-01,2.55E+00,3.05E-08,2.54E-01,5.77E-03,3.43E-07,2.81E-08,1.88E-09,4.81E-02,3.63E-04,1.29E-02,2.08E-01,9.43E+01,1.58E+02,8.13E-01,1.42E+01,7.83E-06,1.05E+00,1.28E+00,2.12E-01
"Porc, conventionnel, fourniture d'aliments à la ferme, à la ferme, France","Pig, conventional, on-farm feed supply, at farm gate {FR} U",Elevage,Agricultural\Animal production\Porcine\Transformation,3.71E-01,2.69E+00,2.79E-08,2.26E-01,6.07E-03,3.99E-07,2.72E-08,2.19E-09,5.76E-02,3.42E-04,1.46E-02,2.50E-01,8.36E+01,1.62E+02,7.58E-01,1.23E+01,7.56E-06,1.04E+00,1.24E+00,4.17E-01
"Porc, conventionnel, moyenne nationale, à la ferme, France","Pig, conventional, national average, at farm gate {FR} U",Elevage,Agricultural\Animal production\Porcine\Transformation,3.52E-01,2.79E+00,3.68E-08,4.19E-01,6.34E-03,3.21E-07,3.14E-08,2.12E-09,4.46E-02,3.84E-04,1.32E-02,1.92E-01,8.94E+01,1.62E+02,9.51E-01,1.90E+01,1.06E-05,1.04E+00,1.47E+00,2.87E-01
"Porc moyen (97% porc, 3% truie de réforme), conventionnel, moyenne nationale, à la ferme, France","Mixt pig, conventional, national average, at farm gate {FR} U",Elevage,Agricultural\Animal production\Porcine\Transformation,3.93E-01,3.08E+00,4.05E-08,4.90E-01,6.94E-03,3.63E-07,3.47E-08,2.35E-09,5.05E-02,4.25E-04,1.45E-02,2.18E-01,9.55E+01,1.79E+02,1.05E+00,2.15E+01,1.20E-05,1.16E+00,1.61E+00,3.10E-01
"Porc, Label Rouge, moyenne nationale (50% courette, 50% plein air), à la ferme, France","Pig, Label Rouge, national average, at farm gate {FR} U",Elevage,Agricultural\Animal production\Porcine\Transformation,4.69E-01,3.63E+00,4.09E-08,4.07E-01,7.09E-03,4.94E-07,3.51E-08,2.29E-09,6.94E-02,4.19E-04,1.69E-02,3.02E-01,1.03E+02,1.76E+02,1.05E+00,2.01E+01,1.15E-05,1.01E+00,2.29E+00,3.32E-01
"Porc moyen (97% porc, 3% truie de réforme), Label Rouge, moyenne nationale (50% courette, 50% plein air), à la ferme, France","Mixt pig, Label Rouge, national average, at farm gate {FR} U",Elevage,Agricultural\Animal production\Porcine\Transformation,5.13E-01,3.94E+00,4.49E-08,4.90E-01,7.69E-03,5.39E-07,3.87E-08,2.53E-09,7.58E-02,4.62E-04,1.81E-02,3.30E-01,1.10E+02,1.94E+02,1.15E+00,2.30E+01,1.30E-05,1.16E+00,2.43E+00,3.54E-01
"Porc, Label Rouge, système courette, à la ferme, France","Pig, Label Rouge, pig with run system, at farm gate {FR} U",Elevage,Agricultural\Animal production\Porcine\Transformation,5.22E-01,4.92E+00,4.47E-08,4.32E-01,7.93E-03,5.11E-07,3.91E-08,2.44E-09,7.18E-02,4.46E-04,1.61E-02,3.12E-01,1.13E+02,1.84E+02,1.10E+00,2.21E+01,1.26E-05,1.60E+00,2.95E+00,3.65E-01
"Poule de réforme, conventionnel, intérieur, au sol, à la ferme, France","Cull hen, conventional, indoor system, non-cage, at farm gate {FR} U",Elevage,Agricultural\Animal production\Avian\Transformation,,,,,,,,,,,,,,,,,,,,
"Poule de réforme, conventionnel, intérieur, cage règles 2012, à la ferme, France","Cull hen, conventional, indoor production, cage 2012 rules, at farm gate {FR} U",Elevage,Agricultural\Animal production\Avian\Transformation,,,,,,,,,,,,,,,,,,,,
"Poule de réforme, conventionnel, intérieur, en cage, à la ferme, France","Cull hen, conventional, indoor system, cage, at farm gate {FR} U",Elevage,Agricultural\Animal production\Avian\Transformation,,,,,,,,,,,,,,,,,,,,
"Poule de réforme, conventionnel, moyenne nationale, à la ferme, France","Cull hen, conventional, national average, at farm gate {FR} U",Elevage,Agricultural\Animal production\Avian\Transformation,,,,,,,,,,,,,,,,,,,,
"Poule de réforme, conventionnel, système extérieur, à la ferme, France","Cull hen, conventional, outdoor system, at farm gate {FR} U",Elevage,Agricultural\Animal production\Avian\Transformation,,,,,,,,,,,,,,,,,,,,
"Poulet, conventionnel, à la ferme, France","Broiler, conventional, at farm gate {FR} U",Elevage,Agricultural\Animal production\Avian\Transformation,3.86E-01,1.86E+00,3.06E-08,1.21E-01,7.43E-03,4.90E-07,3.38E-08,2.54E-09,6.99E-02,3.78E-04,1.55E-02,3.11E-01,7.80E+01,1.62E+02,7.20E-01,1.13E+01,5.74E-06,5.27E-02,1.24E+00,5.72E-01
"Poulet, Label Rouge, à la ferme, France","Broiler, Label Rouge, at farm gate {FR} U",Elevage,Agricultural\Animal production\Avian\Transformation,4.64E-01,2.34E+00,5.83E-08,1.79E-01,1.06E-02,5.33E-07,3.34E-08,3.01E-09,7.84E-02,4.98E-04,1.96E-02,3.48E-01,9.88E+01,2.10E+02,1.31E+00,1.85E+01,7.81E-06,5.06E-02,1.87E+00,4.13E-01
"Poulet, moyenne nationale, à la ferme, France","Broiler, production mix, national average, at farm gate {FR} U",Elevage,Agricultural\Animal production\Avian\Transformation,3.96E-01,1.93E+00,3.40E-08,1.29E-01,7.83E-03,4.96E-07,3.41E-08,2.60E-09,7.10E-02,3.95E-04,1.61E-02,3.16E-01,8.03E+01,1.69E+02,8.03E-01,1.23E+01,6.00E-06,5.39E-02,1.32E+00,5.52E-01
"Production de racine d'endive conventionnelle, précoce, à la ferme, France","Chicory witloof, early, conventional, root production, at farm gate {FR} U",Culture,Agricultural\Plant production\Vegetables\Transformation,1.74E-02,1.09E-01,2.56E-08,7.98E-03,2.64E-04,2.67E-09,2.55E-09,2.12E-10,3.19E-04,2.69E-05,1.52E-03,5.58E-04,1.04E+01,2.79E+01,3.61E-02,1.46E+00,1.05E-06,4.61E-05,1.08E-01,7.02E-04
"Production de racine d'endive conventionnelle, saison, à la ferme, France","Chicory witloof, season, conventional, root production, at farm gate {FR} U",Culture,Agricultural\Plant production\Vegetables\Transformation,1.01E-02,6.52E-02,1.64E-08,4.23E-03,1.40E-04,1.37E-09,1.38E-09,1.28E-10,1.71E-04,1.57E-05,8.34E-04,3.02E-04,6.70E+00,1.84E+01,2.16E-02,6.99E-01,5.15E-07,1.76E-05,6.47E-02,4.45E-04
"Production de racine d'endive conventionnelle, tardive, à la ferme, France","Chicory witloof, late, conventional, root production, at farm gate {FR} U",Culture,Agricultural\Plant production\Vegetables\Transformation,1.06E-02,6.39E-02,1.51E-08,4.04E-03,1.36E-04,1.31E-09,1.31E-09,1.28E-10,1.63E-04,1.78E-05,1.10E-03,2.88E-04,6.17E+00,2.21E+01,2.00E-02,6.77E-01,4.98E-07,1.68E-05,6.35E-02,4.11E-04
"Quinoa, conventionnel, à la ferme, France","Quinoa FR, conventional, at farm gate {FR} U",Culture,Agricultural\Plant production\Cereals\Transformation,5.52E-01,6.11E+00,2.37E-08,6.24E-02,6.91E-03,1.09E-07,1.29E-07,2.91E-09,1.65E-02,4.20E-04,8.94E-02,6.42E-02,2.01E+01,2.56E+02,1.20E+01,1.10E+01,2.12E-05,7.46E-04,6.10E+00,2.06E-03
"Quinoa, conventionnel, à la ferme, France","Quinoa FR, conventional, at farm gate {FR} U",Culture,Agricultural\Plant production\Cereals\Transformation,3.50E-01,1.70E+00,2.37E-08,6.24E-02,6.91E-03,1.09E-07,1.29E-07,2.91E-09,1.65E-02,4.20E-04,3.71E-02,6.42E-02,1.71E+01,2.64E+02,1.20E+01,1.10E+01,2.12E-05,7.46E-04,1.69E+00,2.06E-03
"Racines de chicorée, conventionnel, à la ferme, France","Chicory roots, conventional, at farm gate {FR} U",Culture,Agricultural\Plant production\Vegetables\Transformation\Seeds,1.25E-02,8.37E-02,5.14E-09,5.71E-03,3.10E-04,8.80E-09,1.46E-09,1.96E-10,1.11E-03,3.56E-05,8.60E-04,3.94E-03,1.21E+00,1.18E+01,4.74E-02,7.40E-01,9.21E-07,1.19E-04,8.35E-02,7.66E-05
"Raisin pour du jus, conventionnel, à la ferme, Etats-Unis","Grapefruit for juice, conventional, at farm gate {US} U",Culture,Agricultural\Plant production\Fruits\Transformation,3.77E-01,2.82E-01,1.50E-08,1.69E-02,1.20E-03,1.70E-08,3.05E-08,2.42E-10,2.72E-03,1.13E-04,2.83E-03,7.37E-03,1.97E+02,2.98E+01,3.54E+01,3.06E+00,1.10E-05,3.80E-04,2.82E-01,1.97E-04
"Raisin, intégré, mélange français, France","Grape, integrated, french mix {FR} U",Culture,Agricultural\Plant production,7.62E-02,3.41E-01,8.85E-09,2.89E-02,1.65E-03,4.39E-08,7.34E-08,2.09E-09,4.49E-03,1.50E-04,3.51E-03,1.81E-02,1.36E+01,5.55E+01,6.37E-02,3.77E+00,1.07E-05,8.54E-03,3.32E-01,7.94E-04
"Raisin, production intégrée, AOC Beaujolais, au vignoble, France","Grape, integrated, AOC, Beaujolais, at vineyard {FR} U",Culture,Agricultural\Plant production\Fruits\Transformation,1.32E-01,6.31E-01,2.35E-08,4.04E-02,2.91E-03,8.87E-08,9.36E-08,3.58E-09,8.03E-03,2.49E-04,2.51E-03,3.14E-02,3.82E+01,7.47E+01,1.11E-01,7.40E+00,2.13E-05,1.12E-02,6.19E-01,1.20E-03
"Raisin, production intégrée, mélange de variétés, Languedoc-Roussillon, au vignoble, France","Grape, integrated, variety mix, Languedoc-Roussillon, at vineyard {FR} U",Culture,Agricultural\Plant production\Fruits\Transformation,7.43E-02,3.32E-01,8.35E-09,2.86E-02,1.61E-03,4.24E-08,7.28E-08,2.04E-09,4.37E-03,1.46E-04,3.56E-03,1.77E-02,1.27E+01,5.50E+01,6.21E-02,3.65E+00,1.03E-05,8.47E-03,3.23E-01,7.81E-04
"Saithe, Pollachius virens, mer du Nord, chalut de fond, congelés, au débarquement, France","Saithe, Pollachius virens, NorthSea, Bottom Trawl, average, frozen, at landing {FR} U",Pêche,Agricultural\Animal production\Fish\Transformation,7.72E-01,4.62E+00,3.47E-07,3.44E-02,9.75E-02,1.02E-06,1.62E-08,2.63E-09,1.33E-01,1.37E-04,3.25E-02,3.54E-01,2.50E+01,3.74E+00,1.09E-01,5.66E+01,1.17E-05,8.99E-04,4.62E+00,1.78E-03
"Saithe, Pollachius virens, mer du Nord, chalut de fond, frais, au débarquement, Europe","Saithe, Pollachius virens, NorthSea, Bottom Trawl, average, fresh, at landing {EU} U",Pêche,Agricultural\Animal production\Fish\Transformation,3.97E-01,2.26E+00,8.27E-08,1.66E-02,5.03E-02,5.25E-07,8.84E-09,1.37E-09,6.85E-02,7.24E-05,1.68E-02,1.83E-01,1.30E+01,1.87E+00,5.16E-02,2.88E+01,7.58E-06,2.91E-04,2.26E+00,7.94E-04
"Sardine européenne,  Sardina pilchardus, atlantique centre est, senne, au débarquement, France","European Pilchard, Sardina pilchardus, ECA, Seine, average, at landing {FR} U",Pêche,Agricultural\Animal production\Fish\Transformation,2.76E-02,1.51E-01,3.18E-09,1.17E-03,3.38E-03,3.53E-08,9.16E-10,9.21E-11,4.62E-03,6.48E-06,1.13E-03,1.23E-02,9.28E-01,2.43E-01,5.30E-03,1.96E+00,1.16E-06,2.45E-05,1.51E-01,1.33E-04
"Sardine européenne, Sardina pilchardus, baie de Biscay, senne, au débarquement, France","European Pilchard, Sardina pilchardus, BBiscay, Seine, average, at landing {FR} U",Pêche,Agricultural\Animal production\Fish\Transformation,6.71E-02,3.72E-01,8.65E-09,3.10E-03,8.19E-03,8.53E-08,2.63E-09,2.22E-10,1.12E-02,1.81E-05,2.73E-03,2.97E-02,2.35E+00,4.07E-01,1.48E-02,4.80E+00,2.80E-06,7.37E-05,3.71E-01,1.48E-03
"Saumon issu d'aquaculture, conventionnel, à la ferme, Norvège","Salmon, farmed, conventional, at farm gate {NO} U",Pêche,Agricultural\Animal production\Fish\Transformation,3.10E-01,2.21E+00,1.61E-07,3.50E-01,1.11E-02,1.61E-07,4.37E-08,2.40E-09,1.98E-02,5.76E-04,3.73E-02,7.84E-02,4.97E+01,1.17E+02,4.94E-01,2.53E+01,2.39E-05,8.09E-03,1.79E+00,4.08E-01
"Soja, cut-off date 2008, à la ferme, Brésil","Soybean, cut-off date 2008 {BR}| market for soybean, without transport | Cut-off, U - Adapted from Ecoinvent",Culture,Others\Adapted from Ecoinvent cut-off U,8.69E-02,8.30E-01,7.35E-09,8.98E-03,1.47E-03,2.15E-08,2.33E-08,3.66E-10,2.53E-03,1.27E-04,9.01E-03,9.18E-03,7.51E+01,6.51E+00,1.03E-01,2.52E+00,3.60E-06,2.63E-04,4.02E-01,4.29E-01
"Soja, cut-off date 2020, à la ferme, Brésil","Soybean, cut-off date 2020 {BR}| market for soybean, without transport | Cut-off, U - Adapted from Ecoinvent",Culture,Others\Adapted from Ecoinvent cut-off U,1.15E-01,1.35E+00,6.68E-09,8.49E-03,2.45E-03,2.89E-08,3.16E-08,1.14E-09,3.16E-03,1.11E-04,9.65E-03,1.16E-02,9.50E+01,1.39E+01,1.02E-01,2.51E+00,3.46E-06,2.58E-04,4.13E-01,9.37E-01
"Soja, issu de zones non déforestées, à la ferme, Brésil","Soybean, not associated to deforestation {BR}| market for soybean, without transport | Cut-off, U - Adapted from Ecoinvent
",Culture,Others\Adapted from Ecoinvent cut-off U,8.04E-02,7.10E-01,7.51E-09,9.09E-03,1.25E-03,1.98E-08,2.15E-08,1.87E-10,2.38E-03,1.31E-04,8.86E-03,8.62E-03,7.05E+01,4.81E+00,1.04E-01,2.52E+00,3.63E-06,2.65E-04,3.99E-01,3.11E-01
"Soja, moyenne nationale, aliment pour animaux, à la ferme, France","Soybean, national average, animal feed, at farm gate {FR} U",Culture,Agricultural\Plant production\Legumes\Transformation,6.34E-02,4.59E-01,1.17E-08,6.52E-03,6.47E-04,1.27E-08,-2.19E-09,5.90E-10,1.91E-03,2.89E-04,9.15E-03,7.24E-03,5.99E+00,2.01E+02,3.22E-02,1.40E+00,1.11E-06,4.92E-05,2.22E-01,2.36E-01
"Sole commune, Solea solea, baie de Biscay, trémail, au débarquement, France","Common Sole, Solea solea, BBiscay, Trammel Net, average, at landing {FR} U",Pêche,Agricultural\Animal production\Fish\Transformation,4.51E-01,2.33E+00,5.13E-08,2.25E-02,4.75E-02,4.98E-07,4.48E-08,1.71E-09,6.53E-02,1.61E-04,1.59E-02,1.72E-01,1.82E+01,2.57E+00,2.07E-01,3.04E+01,5.43E-05,6.79E-04,2.32E+00,6.17E-03
"Sorgho ensilage, moyenne nationale, alimentation animale, à la ferme, France","Silage sorghum, national average, animal feed, at farm gate {FR} U",Culture,Agricultural\Plant production\Roughage\Transformation,3.46E-02,1.97E-01,5.80E-09,1.05E-02,5.80E-04,1.97E-08,1.10E-09,9.84E-10,3.04E-03,1.78E-04,3.18E-03,1.32E-02,3.14E+00,5.93E+01,9.46E-02,1.14E+00,7.99E-07,3.02E-05,1.27E-01,6.96E-02
"Sorgho, conventionnel, moyenne nationale, alimentation animale, à la ferme, France","Sorghum grain, conventional, national average, animal feed, at farm gate {FR} U",Culture,Agricultural\Plant production\Roughage\Transformation,5.36E-02,4.07E-01,1.08E-08,1.83E-02,8.62E-04,1.96E-08,1.56E-09,1.29E-09,3.04E-03,2.70E-04,4.83E-03,1.22E-02,5.84E+00,1.10E+02,2.20E-01,1.89E+00,1.34E-06,7.53E-05,2.79E-01,1.29E-01
"Taurillon allaitant, conventionnel, système d'engraissement, moins de 1.2 UGB par ha, à la ferme, France","Young suckler bull, conventional, fattening system, less than 1.2 LU per ha, at farm gate {FR} U",Elevage,Agricultural\Animal production\Bovine\Transformation,1.66E+00,1.79E+01,6.25E-08,3.83E-01,2.49E-02,1.65E-06,2.53E-07,7.65E-09,2.46E-01,8.37E-04,4.40E-02,1.09E+00,9.87E+01,1.47E+03,1.19E+00,2.77E+01,2.21E-05,1.43E+01,4.26E+00,-7.35E-01
"Taurillon allaitant, conventionnel, système d'engraissement, plus de 1.2 UGB par ha, à la ferme, France","Young suckler bull, conventional, fattening system, more than 1.2 LU per ha, at farm gate {FR} U",Elevage,Agricultural\Animal production\Bovine\Transformation,1.49E+00,1.58E+01,6.98E-08,3.32E-01,2.37E-02,1.54E-06,2.30E-07,6.15E-09,2.30E-01,6.32E-04,5.39E-02,1.02E+00,1.19E+02,7.93E+02,1.07E+00,2.81E+01,1.83E-05,1.12E+01,4.05E+00,5.76E-01
"Taurillon laitier, conventionnel, système d'engraissement, à la ferme, France","Young dairy bull, conventional, fattening system, at farm gate {FR} U",Elevage,Agricultural\Animal production\Bovine\Transformation,7.28E-01,7.77E+00,4.49E-08,2.23E-01,1.27E-02,7.00E-07,7.89E-08,3.69E-09,1.03E-01,5.21E-04,2.49E-02,4.45E-01,1.27E+02,2.44E+02,7.78E-01,1.77E+01,1.86E-05,4.54E+00,2.19E+00,1.04E+00
"Thon albacore, Thunnus alalunga, atlantique nord est, chalut pélagique, au débarquement, France","Albacore, Thunnus alalunga, NEA, Pelagic trawl, average, at landing {FR} U",Pêche,Agricultural\Animal production\Fish\Transformation,8.14E-01,4.60E+00,1.03E-07,3.08E-02,1.05E-01,1.09E-06,1.77E-08,2.63E-09,1.43E-01,1.17E-04,3.50E-02,3.82E-01,2.66E+01,3.77E+00,9.92E-02,5.96E+01,9.48E-06,5.58E-04,4.60E+00,3.25E-03
"Thon Albacore, Thunnus albacares, atlantique centre est, senne, au débarquement, côte d'Ivoire","Yellowfin Tuna, Thunnus albacares, ECA, Seine, average, at landing {CI} U",Pêche,Agricultural\Animal production\Fish\Transformation,3.65E-01,2.07E+00,4.30E-08,2.03E-02,4.59E-02,4.78E-07,1.05E-08,1.27E-09,6.25E-02,8.04E-05,1.53E-02,1.67E-01,1.22E+01,1.86E+00,7.85E-02,2.67E+01,8.30E-06,3.74E-04,2.07E+00,8.03E-04
"Thon Listao, Katsuwonus pelamis, atlantique centre est, senne, au débarquement, côte d'Ivoire","Skipjack Tuna, Katsuwonus pelamis, ECA, Seine, average, at landing {CI} U",Pêche,Agricultural\Animal production\Fish\Transformation,3.63E-01,2.06E+00,4.27E-08,1.97E-02,4.56E-02,4.76E-07,1.03E-08,1.27E-09,6.22E-02,7.87E-05,1.52E-02,1.66E-01,1.21E+01,1.84E+00,7.69E-02,2.65E+01,8.12E-06,3.64E-04,2.06E+00,7.90E-04
"Thon rouge,  Thunnus thynnus, méditerrannée, palangre, au débarquement, France","Bluefin Tuna, Thunnus thynnus, MedSea, Longline, average, at landing {FR} U",Pêche,Agricultural\Animal production\Fish\Transformation,3.95E-01,1.91E+00,4.16E-08,2.99E-02,3.59E-02,3.83E-07,4.94E-08,1.66E-09,5.05E-02,3.74E-04,1.20E-02,1.30E-01,1.54E+01,3.79E+00,1.76E-01,2.43E+01,7.32E-05,1.38E-03,1.88E+00,2.21E-02
"Thon rouge, Thunnus thynnus, méditerrannée, senne, à la ferme, France","Bluefin Tuna, Thunnus thynnus, MedSea, Seine, average, at cage gate {FR} U",Pêche,Agricultural\Animal production\Fish\Transformation,2.47E-01,1.12E+00,2.68E-08,2.55E-02,1.93E-02,2.08E-07,3.51E-08,1.33E-09,2.75E-02,2.98E-04,6.46E-03,6.95E-02,1.10E+01,2.61E+00,1.62E-01,1.42E+01,5.97E-05,8.10E-04,1.11E+00,1.32E-02
"Tomate conventionnelle, calibre inermédiaire, sol sous abri non chauffé, à la ferme, France","Tomato, medium size, conventional, soil based, non-heated greenhouse, at greenhouse {FR} U",Culture,Agricultural\Plant production\Vegetables\Transformation,2.05E-02,1.60E-01,5.18E-09,3.00E-02,4.98E-04,1.00E-08,9.83E-09,2.48E-10,1.20E-03,2.35E-05,7.34E-04,4.63E-03,1.35E+00,2.34E+00,2.55E-01,2.82E+00,1.59E-06,8.79E-04,1.59E-01,1.77E-04
"Tomate conventionnelle, calibre intermédiaire, sous abri chauffé, à la ferme, France","Tomato, medium size, conventional, heated greenhouse, at greenhouse {FR} U",Culture,Agricultural\Plant production\Vegetables\Transformation,1.25E-01,1.82E+00,7.55E-08,1.19E-01,4.01E-03,4.47E-08,6.66E-09,6.17E-10,4.12E-03,3.99E-04,2.10E-03,1.06E-02,4.52E+00,2.81E+00,2.42E-01,2.69E+01,4.18E-06,5.11E-04,1.82E+00,3.60E-04
"Tomate conventionnelle, panier moyen, serre chauffée, moyenne nationale, à la ferme, France","Tomato, average basket, conventional, heated greenhouse, national average, at greenhouse {FR} U",Culture,Agricultural\Plant production\Vegetables\Transformation,1.77E-01,2.57E+00,1.07E-07,1.68E-01,5.66E-03,6.32E-08,9.40E-09,8.72E-10,5.82E-03,5.63E-04,2.96E-03,1.50E-02,6.38E+00,2.91E+00,3.42E-01,3.80E+01,5.90E-06,7.22E-04,2.57E+00,5.08E-04
"Tomate conventionnelle, panier moyen, sol sous abri non chauffé, moyenne nationale, à la ferme, France","Tomato, average basket, conventional, soil based, non-heated greenhouse, at greenhouse {FR} U",Culture,Agricultural\Plant production\Vegetables\Transformation,2.13E-02,1.66E-01,5.38E-09,3.11E-02,5.17E-04,1.04E-08,1.03E-08,2.58E-10,1.25E-03,2.44E-05,7.66E-04,4.80E-03,1.40E+00,2.43E+00,2.65E-01,2.92E+00,1.65E-06,9.11E-04,1.65E-01,1.83E-04
"Tourteau, 1 kg de produit, au débarquement, Angleterre","Brown crab, 1 kg of product, at landing {GB} U",Pêche,Agricultural\Animal production\Seafood\Transformation,8.50E-01,4.89E+00,2.16E-07,3.21E-01,6.41E-02,6.93E-07,9.48E-08,6.78E-09,8.72E-02,1.41E-03,2.07E-02,2.22E-01,4.15E+01,1.42E+01,3.32E-01,7.06E+01,1.69E-04,9.71E-02,4.77E+00,2.42E-02
"Tourteau, 1 kg de produit, au débarquement, France","Brown crab, 1 kg of product, at landing {FR} U",Pêche,Agricultural\Animal production\Seafood\Transformation,4.85E-01,2.72E+00,1.22E-07,3.67E-01,3.60E-02,3.92E-07,5.33E-08,3.82E-09,4.90E-02,7.93E-04,1.17E-02,1.25E-01,2.34E+01,7.33E+00,2.30E-01,4.34E+01,9.50E-05,5.46E-02,2.65E+00,1.35E-02
"Tourteau, 1 kg de produit, au débarquement, Irlande","Brown crab, 1 kg of product, at landing {IE} U",Pêche,Agricultural\Animal production\Seafood\Transformation,7.53E-01,4.27E+00,1.89E-07,1.73E-01,5.73E-02,6.21E-07,8.47E-08,6.07E-09,7.81E-02,1.26E-03,1.86E-02,1.98E-01,3.71E+01,1.12E+01,2.85E-01,6.01E+01,1.52E-04,8.73E-02,4.16E+00,2.16E-02
"Triticale, conventionnel, moyenne nationale, alimentation animale, à la ferme, production, France","Triticale grain, conventional, national average, animal feed, at farm gate, production {FR} U",Culture,Agricultural\Plant production\Cereals\Transformation,6.82E-02,5.49E-01,9.07E-09,1.03E-02,1.77E-03,3.60E-08,8.52E-09,9.81E-10,5.96E-03,1.71E-04,7.21E-03,2.65E-02,2.82E+00,1.05E+02,8.99E-02,2.41E+00,1.64E-06,1.25E-04,4.26E-01,1.23E-01
"Truie de réforme, conventionnel, Cahier des charges Porc bien-être, à la ferme, France","Cull sow, Conventional, Porc Bien Etre, at farm gate {FR} U",Elevage,Agricultural\Animal production\Porcine\Transformation,1.55E+00,1.21E+01,1.22E-07,1.96E+00,2.24E-02,1.68E-06,1.24E-07,8.07E-09,2.39E-01,1.43E-03,5.16E-02,1.04E+00,2.10E+02,6.43E+02,3.02E+00,7.33E+01,3.70E-05,6.42E+00,4.83E+00,8.19E-01
"Truie de réforme, conventionnel, fourniture d'aliments à la ferme, France","Cull sow, conventional, on-farm feed supply, at farm gate {FR} U",Elevage,Agricultural\Animal production\Porcine\Transformation,1.76E+00,1.18E+01,1.22E-07,1.96E+00,2.42E-02,2.04E-06,1.07E-07,1.04E-08,2.95E-01,1.68E-03,6.46E-02,1.29E+00,2.12E+02,8.31E+02,2.61E+00,7.45E+01,3.87E-05,5.07E+00,5.58E+00,1.20E+00
"Truie de réforme, conventionnel, moyenne nationale, à la ferme, France","Cull sow, conventional, national average, at farm gate {FR} U",Elevage,Agricultural\Animal production\Porcine\Transformation,1.71E+00,1.24E+01,1.63E-07,2.79E+00,2.64E-02,1.73E-06,1.41E-07,9.95E-09,2.43E-01,1.76E-03,5.62E-02,1.06E+00,2.94E+02,7.35E+02,4.10E+00,1.03E+02,5.54E-05,5.11E+00,6.28E+00,1.05E+00
"Truie de réforme, Label Rouge, moyenne nationale (50% courette, 50% plein air), à la ferme, France","Cull sow, Label Rouge, national average, at farm gate {FR} U",Elevage,Agricultural\Animal production\Porcine\Transformation,1.92E+00,1.41E+01,1.75E-07,3.18E+00,2.72E-02,2.00E-06,1.53E-07,1.03E-08,2.82E-01,1.85E-03,5.99E-02,1.23E+00,3.10E+02,7.61E+02,4.45E+00,1.14E+02,6.02E-05,6.13E+00,6.90E+00,1.08E+00
"Truie de réforme, Label Rouge, système courette, à la ferme, France","Cull sow, Label Rouge, pig with run system, at farm gate {FR} U",Elevage,Agricultural\Animal production\Porcine\Transformation,1.90E+00,1.45E+01,1.71E-07,2.99E+00,2.68E-02,1.97E-06,1.50E-07,1.01E-08,2.78E-01,1.81E-03,5.78E-02,1.21E+00,3.06E+02,7.44E+02,4.30E+00,1.09E+02,5.87E-05,6.30E+00,7.10E+00,1.07E+00
"Truie de réforme, Label Rouge, système plein air, à la ferme, France","Cull sow, Label Rouge, outdoor system, at farm gate {FR} U",Elevage,Agricultural\Animal production\Porcine\Transformation,1.95E+00,1.37E+01,1.78E-07,3.37E+00,2.75E-02,2.03E-06,1.56E-07,1.06E-08,2.87E-01,1.90E-03,6.21E-02,1.25E+00,3.13E+02,7.79E+02,4.60E+00,1.18E+02,6.17E-05,5.96E+00,6.70E+00,1.09E+00
"Vache allaitante de réforme, conventionnel, vache allaitante système, moins de 1.2 UGB par ha, à la ferme, France","Suckler cull cow, conventional, suckler cow system, less than 1.2 LU per ha, at farm gate {FR} U",Elevage,Agricultural\Animal production\Bovine\Transformation,1.87E+00,1.97E+01,5.12E-08,4.36E-01,2.80E-02,1.88E-06,3.22E-07,8.80E-09,2.79E-01,8.21E-04,4.65E-02,1.24E+00,4.81E+01,2.02E+03,1.14E+00,2.93E+01,2.17E-05,1.67E+01,4.77E+00,-1.73E+00
"Vache allaitante de réforme, conventionnel, vache allaitante système, plus de 1.2 UGB par ha, à la ferme, France","Suckler cull cow, conventional, suckler cow system, more than 1.2 LU per ha, at farm gate {FR} U",Elevage,Agricultural\Animal production\Bovine\Transformation,1.58E+00,1.67E+01,6.27E-08,3.87E-01,2.40E-02,1.67E-06,2.63E-07,5.77E-09,2.48E-01,4.70E-04,5.76E-02,1.11E+00,5.00E+01,9.78E+02,1.39E+00,2.94E+01,1.45E-05,1.23E+01,4.27E+00,1.56E-01
"Vache de réforme, conventionnel, système laitier de montagne, nourri à l'herbe, à la ferme, France","Cull cow, conventional, highland milk system, grass fed, at farm gate {FR} U",Elevage,Agricultural\Animal production\Bovine\Transformation,1.30E+00,1.48E+01,4.07E-08,1.79E-01,1.98E-02,1.30E-06,1.93E-07,5.48E-09,1.93E-01,5.40E-04,2.90E-02,8.56E-01,3.29E+01,1.22E+03,9.05E-01,2.11E+01,1.51E-05,1.21E+01,3.67E+00,-1.03E+00
"Vache de réforme, conventionnel, système laitier de plaine, ensillage de maïs 10 à 30%, à la ferme, France","Cull cow, conventional, lowland milk system, silage maize 10 to 30%, at farm gate {FR} U",Elevage,Agricultural\Animal production\Bovine\Transformation,1.06E+00,1.16E+01,4.92E-08,1.77E-01,1.59E-02,1.10E-06,1.55E-07,4.24E-09,1.63E-01,4.52E-04,3.53E-02,7.21E-01,6.37E+01,5.82E+02,1.40E+00,1.82E+01,1.62E-05,8.30E+00,2.84E+00,4.20E-01
"Vache de réforme, conventionnel, système laitier de plaine, ensillage de maïs 5 à 10%, à la ferme, France","Cull cow, conventional, lowland milk system, silage maize 5 to 10%, at farm gate {FR} U",Elevage,Agricultural\Animal production\Bovine\Transformation,1.32E+00,1.31E+01,3.35E-08,1.73E-01,1.80E-02,1.51E-06,2.49E-07,5.50E-09,2.24E-01,3.87E-04,4.11E-02,9.95E-01,3.09E+01,7.92E+02,5.90E-01,1.75E+01,1.91E-05,9.95E+00,2.95E+00,1.50E-01
"Vache de réforme, conventionnel, système laitier de plaine, ensillage de maïs plus de 30%, à la ferme, France","Cull cow, conventional, lowland milk system, silage maize more than 30%, at farm gate {FR} U",Elevage,Agricultural\Animal production\Bovine\Transformation,8.31E-01,9.16E+00,3.95E-08,1.40E-01,1.38E-02,8.21E-07,1.25E-07,3.58E-09,1.22E-01,3.78E-04,3.02E-02,5.41E-01,5.03E+01,5.16E+02,9.62E-01,1.52E+01,1.37E-05,6.43E+00,2.29E+00,4.30E-01
"Veau conventionnel, système d'engraissement, système laitier de plaine, à la ferme, France","Veal, conventional, fattening system, calves from lowland milk system, at farm gate {FR} U",Elevage,Agricultural\Animal production\Bovine\Transformation\Production stages,1.17E+00,1.27E+01,1.35E-07,6.75E-01,2.16E-02,1.03E-06,1.41E-07,6.56E-09,1.49E-01,8.68E-04,4.02E-02,6.46E-01,1.72E+02,5.94E+02,1.69E+00,5.39E+01,2.28E-05,7.03E+00,4.49E+00,1.17E+00